is_home,Offense_Passing_COMP,Offense_Passing_ATT,Offense_Passing_PCT,Offense_Passing_YDS,Offense_Passing_YDS/ATT,Offense_Passing_YDS/COMP,Offense_Passing_TD,Offense_Passing_INT,Offense_Passing_1ST,Offense_Passing_SACKS,Offense_Passing_QB RATING,Offense_Rushing_ATT,Offense_Rushing_YDS,Offense_Rushing_YDS/ATT,Offense_Rushing_TD,Offense_Rushing_1ST,Offense_Rushing_TOP,Defense_Passing_TOTAL PTS,Defense_Passing_COMP,Defense_Passing_ATT,Defense_Passing_PCT,Defense_Passing_YDS,Defense_Passing_YDS/ATT,Defense_Passing_YDS/COMP,Defense_Passing_TD,Defense_Passing_INT,Defense_Passing_1ST,Defense_Passing_SACKS,Defense_Passing_SACK YDS,Defense_Passing_QB RATING,Defense_Rushing_TOTAL PTS,Defense_Rushing_ATT,Defense_Rushing_YDS,Defense_Rushing_YDS/ATT,Defense_Rushing_TD,Defense_Rushing_1ST,Defense_Rushing_TOP,game_id,team_score
1,421,635,66.3,4188,6.6,9.9,28,17,216,28,88,417,1784,4.3,9,107,1828,395,371,588,63.1,4205,7.2,11.3,28,16,209,41,357,89,395,408,1509,3.7,15,91,1793,2023_01_DET_KC,20
0,408,606,67.3,4401,7.3,10.8,30,12,228,31,97,500,2311,4.6,27,124,1882,294,340,556,61.2,3001,5.4,8.8,19,8,169,57,351,81,294,432,1925,4.5,10,107,1832,2023_01_DET_KC,21
1,327,530,61.7,3524,6.6,10.8,17,17,181,40,79,522,2159,4.1,14,121,1749,416,309,481,64.2,2916,6.1,9.4,19,8,162,27,193,87,416,508,2081,4.1,25,122,1793,2023_01_CAR_ATL,24
0,350,586,59.7,2741,4.7,7.8,13,10,150,65,72,445,1769,4.0,7,111,1867,373,340,549,61.9,3449,6.3,10.1,24,8,183,42,258,88,373,499,2009,4.0,11,105,1911,2023_01_CAR_ATL,10
1,328,494,66.4,3635,7.4,11.1,27,7,180,41,100,541,2661,4.9,26,144,1873,353,382,565,67.6,3979,7.0,10.4,17,14,185,46,355,87,353,468,1643,3.5,19,110,1910,2023_01_HOU_BAL,25
0,372,592,62.8,4173,7.0,11.2,27,8,215,47,93,444,1647,3.7,10,84,1846,280,384,634,60.6,3263,5.1,8.5,18,18,175,60,454,72,280,415,1860,4.5,6,96,1767,2023_01_HOU_BAL,9
1,355,624,56.9,3693,5.9,10.4,24,23,173,45,72,518,2017,3.9,15,121,1939,384,364,555,65.6,4223,7.6,11.6,23,17,201,44,257,89,384,456,2145,4.7,17,127,1857,2023_01_CIN_CLE,24
0,420,615,68.3,3895,6.3,9.3,27,14,208,50,91,383,1527,4.0,12,90,1917,362,307,535,57.4,2800,5.2,9.1,23,18,136,49,349,72,362,420,1793,4.3,15,87,1721,2023_01_CIN_CLE,3
1,355,574,61.8,3666,6.4,10.3,18,10,178,41,83,479,2059,4.3,19,113,1768,371,404,617,65.5,4076,6.6,10.1,27,16,198,40,279,88,371,421,1752,4.2,15,99,1834,2023_01_JAX_IND,21
0,412,620,66.5,4126,6.7,10.0,22,14,199,41,88,453,1646,3.6,17,98,1915,415,370,568,65.1,3842,6.8,10.4,21,15,192,51,315,86,415,518,2105,4.1,22,123,1964,2023_01_JAX_IND,31
1,424,631,67.2,4359,6.9,10.3,30,19,220,47,90,393,1553,4.0,7,79,1756,325,404,611,66.1,4232,6.9,10.5,23,13,213,48,336,90,325,422,1620,3.8,11,101,1895,2023_01_TB_MIN,17
0,364,568,64.1,3812,6.7,10.5,28,10,188,40,93,439,1509,3.4,8,79,1765,362,426,606,70.3,3986,6.6,9.4,23,11,208,43,302,93,362,446,1678,3.8,14,104,1868,2023_01_TB_MIN,20
1,406,606,67.0,3990,6.6,9.8,28,11,199,35,93,480,1742,3.6,13,112,1870,367,387,571,67.8,3866,6.8,10.0,20,6,189,45,315,94,367,480,1831,3.8,10,103,1887,2023_01_TEN_NO,16
0,304,494,61.5,3067,6.2,10.1,14,11,158,64,79,444,1846,4.2,16,103,1852,327,333,558,59.7,3524,6.3,10.6,22,18,167,34,244,78,327,462,2038,4.4,10,100,1790,2023_01_TEN_NO,15
1,323,506,63.8,3163,6.3,9.8,13,9,153,36,82,487,2010,4.1,16,115,1839,298,410,621,66.0,3642,5.9,8.9,20,22,190,48,307,78,298,369,1525,4.1,10,97,1792,2023_01_SF_PIT,7
0,336,491,68.4,4384,8.9,13.0,33,12,207,34,109,499,2389,4.8,27,147,1868,324,348,573,60.7,3860,6.7,11.1,23,16,186,47,304,83,324,454,1956,4.3,9,95,1821,2023_01_SF_PIT,30
1,407,636,64.0,3725,5.9,9.2,24,21,190,65,79,359,1592,4.4,15,99,1838,455,347,506,68.6,3613,7.1,10.4,32,11,198,33,233,101,455,521,2434,4.7,19,141,1902,2023_01_ARI_WAS,20
0,355,555,64.0,3144,5.7,8.9,18,12,173,42,81,471,2365,5.0,17,127,1758,518,396,598,66.2,4457,7.5,11.3,39,8,218,39,170,104,518,480,2155,4.5,15,121,1903,2023_01_ARI_WAS,16
1,321,513,62.6,3096,6.0,9.6,19,15,169,50,80,534,2399,4.5,16,137,1978,350,342,523,65.4,3515,6.7,10.3,21,7,189,45,288,92,350,493,2181,4.4,15,120,1817,2023_01_GB_CHI,20
0,374,581,64.4,3968,6.8,10.6,32,11,211,30,95,441,1905,4.3,10,101,1843,379,410,617,66.5,4043,6.6,9.9,31,22,196,30,202,87,379,388,1468,3.8,8,88,1682,2023_01_GB_CHI,38
1,337,513,65.7,3262,6.4,9.7,28,9,154,52,94,451,1810,4.0,8,116,1831,331,376,564,66.7,3610,6.4,9.6,21,13,187,46,290,87,331,479,2015,4.2,15,117,1886,2023_01_LV_DEN,16
0,348,557,62.5,3380,6.1,9.7,20,18,182,40,78,413,1542,3.7,11,83,1774,413,382,572,66.8,3972,6.9,10.4,29,11,201,42,330,96,413,469,2331,5.0,15,119,1829,2023_01_LV_DEN,17
1,409,632,64.7,3957,6.3,9.7,24,8,204,43,89,431,1642,3.8,11,89,1797,391,380,568,66.9,3761,6.6,9.9,27,15,186,56,371,90,391,433,1650,3.8,15,109,1850,2023_01_MIA_LAC,34
0,393,566,69.4,4514,8.0,11.5,30,15,223,31,100,456,2308,5.1,27,113,1810,398,389,598,65.1,4246,7.1,10.9,26,9,203,48,334,94,398,467,1924,4.1,18,110,1881,2023_01_MIA_LAC,36
1,351,557,63.0,3069,5.5,8.7,16,21,153,48,71,415,1627,3.9,9,93,1683,428,425,652,65.2,4296,6.6,10.1,35,9,222,43,255,96,428,410,1758,4.3,14,111,1840,2023_01_PHI_NE,20
0,369,563,65.5,3834,6.8,10.4,24,16,197,39,87,510,2190,4.3,22,149,1868,366,370,575,64.3,3543,6.2,9.6,19,10,181,36,248,85,366,480,1584,3.3,14,100,1977,2023_01_PHI_NE,25
1,371,575,64.5,3910,6.8,10.5,23,12,189,38,89,382,1580,4.1,11,93,1674,377,367,604,60.8,3928,6.5,10.7,24,10,193,41,267,86,377,433,1816,4.2,14,108,1835,2023_01_LA_SEA,13
0,361,583,61.9,4063,7.0,11.3,26,13,206,34,88,477,2045,4.3,18,110,1908,402,390,585,66.7,3961,6.8,10.2,21,11,202,47,298,90,402,515,2352,4.6,24,143,2001,2023_01_LA_SEA,30
1,338,518,65.3,2886,5.6,8.5,15,12,141,85,80,454,1874,4.1,10,97,1833,315,308,509,60.5,3185,6.3,10.3,21,17,166,46,296,78,315,459,1910,4.2,14,108,1692,2023_01_DAL_NYG,0
0,428,614,69.7,4397,7.2,10.3,36,10,229,40,103,468,1920,4.1,14,113,1968,407,371,582,63.7,3898,6.7,10.5,21,18,191,34,259,82,407,475,2251,4.7,24,134,1900,2023_01_DAL_NYG,40
1,356,601,59.2,2919,4.9,8.2,11,15,156,64,67,388,1647,4.2,7,77,1749,311,363,552,65.8,3342,6.1,9.2,18,18,183,54,334,79,311,409,1880,4.6,14,96,1708,2023_01_BUF_NYJ,22
0,385,579,66.5,4154,7.2,10.8,29,18,199,24,91,512,2212,4.3,22,158,1922,355,313,522,60.0,2861,5.5,9.1,19,17,150,48,321,73,355,517,2108,4.1,14,111,1868,2023_01_BUF_NYJ,16
1,369,563,65.5,3834,6.8,10.4,24,16,197,39,87,510,2190,4.3,22,149,1868,362,426,606,70.3,3986,6.6,9.4,23,11,208,43,302,93,362,446,1678,3.8,14,104,1868,2023_02_MIN_PHI,34
0,424,631,67.2,4359,6.9,10.3,30,19,220,47,90,393,1553,4.0,7,79,1756,428,425,652,65.2,4296,6.6,10.1,35,9,222,43,255,96,428,410,1758,4.3,14,111,1840,2023_02_MIN_PHI,28
1,327,530,61.7,3524,6.6,10.8,17,17,181,40,79,522,2159,4.1,14,121,1749,350,342,523,65.4,3515,6.7,10.3,21,7,189,45,288,92,350,493,2181,4.4,15,120,1817,2023_02_GB_ATL,25
0,374,581,64.4,3968,6.8,10.6,32,11,211,30,95,441,1905,4.3,10,101,1843,373,340,549,61.9,3449,6.3,10.1,24,8,183,42,258,88,373,499,2009,4.0,11,105,1911,2023_02_GB_ATL,24
1,385,579,66.5,4154,7.2,10.8,29,18,199,24,91,512,2212,4.3,22,158,1922,331,376,564,66.7,3610,6.4,9.6,21,13,187,46,290,87,331,479,2015,4.2,15,117,1886,2023_02_LV_BUF,38
0,348,557,62.5,3380,6.1,9.7,20,18,182,40,78,413,1542,3.7,11,83,1774,311,363,552,65.8,3342,6.1,9.2,18,18,183,54,334,79,311,409,1880,4.6,14,96,1708,2023_02_LV_BUF,10
1,420,615,68.3,3895,6.3,9.3,27,14,208,50,91,383,1527,4.0,12,90,1917,280,384,634,60.6,3263,5.1,8.5,18,18,175,60,454,72,280,415,1860,4.5,6,96,1767,2023_02_BAL_CIN,24
0,328,494,66.4,3635,7.4,11.1,27,7,180,41,100,541,2661,4.9,26,144,1873,384,364,555,65.6,4223,7.6,11.6,23,17,201,44,257,89,384,456,2145,4.7,17,127,1857,2023_02_BAL_CIN,27
1,408,606,67.3,4401,7.3,10.8,30,12,228,31,97,500,2311,4.6,27,124,1882,402,390,585,66.7,3961,6.8,10.2,21,11,202,47,298,90,402,515,2352,4.6,24,143,2001,2023_02_SEA_DET,31
0,371,575,64.5,3910,6.8,10.5,23,12,189,38,89,382,1580,4.1,11,93,1674,395,371,588,63.1,4205,7.2,11.3,28,16,209,41,357,89,395,408,1509,3.7,15,91,1793,2023_02_SEA_DET,37
1,372,592,62.8,4173,7.0,11.2,27,8,215,47,93,444,1647,3.7,10,84,1846,415,370,568,65.1,3842,6.8,10.4,21,15,192,51,315,86,415,518,2105,4.1,22,123,1964,2023_02_IND_HOU,20
0,355,574,61.8,3666,6.4,10.3,18,10,178,41,83,479,2059,4.3,19,113,1768,353,382,565,67.6,3979,7.0,10.4,17,14,185,46,355,87,353,468,1643,3.5,19,110,1910,2023_02_IND_HOU,31
1,412,620,66.5,4126,6.7,10.0,22,14,199,41,88,453,1646,3.6,17,98,1915,294,340,556,61.2,3001,5.4,8.8,19,8,169,57,351,81,294,432,1925,4.5,10,107,1832,2023_02_KC_JAX,9
0,421,635,66.3,4188,6.6,9.9,28,17,216,28,88,417,1784,4.3,9,107,1828,371,404,617,65.5,4076,6.6,10.1,27,16,198,40,279,88,371,421,1752,4.2,15,99,1834,2023_02_KC_JAX,17
1,364,568,64.1,3812,6.7,10.5,28,10,188,40,93,439,1509,3.4,8,79,1765,379,410,617,66.5,4043,6.6,9.9,31,22,196,30,202,87,379,388,1468,3.8,8,88,1682,2023_02_CHI_TB,27
0,321,513,62.6,3096,6.0,9.6,19,15,169,50,80,534,2399,4.5,16,137,1978,325,404,611,66.1,4232,6.9,10.5,23,13,213,48,336,90,325,422,1620,3.8,11,101,1895,2023_02_CHI_TB,17
1,304,494,61.5,3067,6.2,10.1,14,11,158,64,79,444,1846,4.2,16,103,1852,398,389,598,65.1,4246,7.1,10.9,26,9,203,48,334,94,398,467,1924,4.1,18,110,1881,2023_02_LAC_TEN,27
0,409,632,64.7,3957,6.3,9.7,24,8,204,43,89,431,1642,3.8,11,89,1797,367,387,571,67.8,3866,6.8,10.0,20,6,189,45,315,94,367,480,1831,3.8,10,103,1887,2023_02_LAC_TEN,24
1,355,555,64.0,3144,5.7,8.9,18,12,173,42,81,471,2365,5.0,17,127,1758,407,371,582,63.7,3898,6.7,10.5,21,18,191,34,259,82,407,475,2251,4.7,24,134,1900,2023_02_NYG_ARI,28
0,338,518,65.3,2886,5.6,8.5,15,12,141,85,80,454,1874,4.1,10,97,1833,455,347,506,68.6,3613,7.1,10.4,32,11,198,33,233,101,455,521,2434,4.7,19,141,1902,2023_02_NYG_ARI,31
1,361,583,61.9,4063,7.0,11.3,26,13,206,34,88,477,2045,4.3,18,110,1908,298,410,621,66.0,3642,5.9,8.9,20,22,190,48,307,78,298,369,1525,4.1,10,97,1792,2023_02_SF_LA,23
0,336,491,68.4,4384,8.9,13.0,33,12,207,34,109,499,2389,4.8,27,147,1868,377,367,604,60.8,3928,6.5,10.7,24,10,193,41,267,86,377,433,1816,4.2,14,108,1835,2023_02_SF_LA,30
1,428,614,69.7,4397,7.2,10.3,36,10,229,40,103,468,1920,4.1,14,113,1968,355,313,522,60.0,2861,5.5,9.1,19,17,150,48,321,73,355,517,2108,4.1,14,111,1868,2023_02_NYJ_DAL,30
0,356,601,59.2,2919,4.9,8.2,11,15,156,64,67,388,1647,4.2,7,77,1749,315,308,509,60.5,3185,6.3,10.3,21,17,166,46,296,78,315,459,1910,4.2,14,108,1692,2023_02_NYJ_DAL,10
1,337,513,65.7,3262,6.4,9.7,28,9,154,52,94,451,1810,4.0,8,116,1831,518,396,598,66.2,4457,7.5,11.3,39,8,218,39,170,104,518,480,2155,4.5,15,121,1903,2023_02_WAS_DEN,33
0,407,636,64.0,3725,5.9,9.2,24,21,190,65,79,359,1592,4.4,15,99,1838,413,382,572,66.8,3972,6.9,10.4,29,11,201,42,330,96,413,469,2331,5.0,15,119,1829,2023_02_WAS_DEN,35
1,351,557,63.0,3069,5.5,8.7,16,21,153,48,71,415,1627,3.9,9,93,1683,391,380,568,66.9,3761,6.6,9.9,27,15,186,56,371,90,391,433,1650,3.8,15,109,1850,2023_02_MIA_NE,17
0,393,566,69.4,4514,8.0,11.5,30,15,223,31,100,456,2308,5.1,27,113,1810,366,370,575,64.3,3543,6.2,9.6,19,10,181,36,248,85,366,480,1584,3.3,14,100,1977,2023_02_MIA_NE,24
1,350,586,59.7,2741,4.7,7.8,13,10,150,65,72,445,1769,4.0,7,111,1867,327,333,558,59.7,3524,6.3,10.6,22,18,167,34,244,78,327,462,2038,4.4,10,100,1790,2023_02_NO_CAR,17
0,406,606,67.0,3990,6.6,9.8,28,11,199,35,93,480,1742,3.6,13,112,1870,416,309,481,64.2,2916,6.1,9.4,19,8,162,27,193,87,416,508,2081,4.1,25,122,1793,2023_02_NO_CAR,20
1,323,506,63.8,3163,6.3,9.8,13,9,153,36,82,487,2010,4.1,16,115,1839,362,307,535,57.4,2800,5.2,9.1,23,18,136,49,349,72,362,420,1793,4.3,15,87,1721,2023_02_CLE_PIT,26
0,355,624,56.9,3693,5.9,10.4,24,23,173,45,72,518,2017,3.9,15,121,1939,324,348,573,60.7,3860,6.7,11.1,23,16,186,47,304,83,324,454,1956,4.3,9,95,1821,2023_02_CLE_PIT,22
1,336,491,68.4,4384,8.9,13.0,33,12,207,34,109,499,2389,4.8,27,147,1868,407,371,582,63.7,3898,6.7,10.5,21,18,191,34,259,82,407,475,2251,4.7,24,134,1900,2023_03_NYG_SF,30
0,338,518,65.3,2886,5.6,8.5,15,12,141,85,80,454,1874,4.1,10,97,1833,298,410,621,66.0,3642,5.9,8.9,20,22,190,48,307,78,298,369,1525,4.1,10,97,1792,2023_03_NYG_SF,12
1,328,494,66.4,3635,7.4,11.1,27,7,180,41,100,541,2661,4.9,26,144,1873,415,370,568,65.1,3842,6.8,10.4,21,15,192,51,315,86,415,518,2105,4.1,22,123,1964,2023_03_IND_BAL,19
0,355,574,61.8,3666,6.4,10.3,18,10,178,41,83,479,2059,4.3,19,113,1768,280,384,634,60.6,3263,5.1,8.5,18,18,175,60,454,72,280,415,1860,4.5,6,96,1767,2023_03_IND_BAL,22
1,355,624,56.9,3693,5.9,10.4,24,23,173,45,72,518,2017,3.9,15,121,1939,367,387,571,67.8,3866,6.8,10.0,20,6,189,45,315,94,367,480,1831,3.8,10,103,1887,2023_03_TEN_CLE,27
0,304,494,61.5,3067,6.2,10.1,14,11,158,64,79,444,1846,4.2,16,103,1852,362,307,535,57.4,2800,5.2,9.1,23,18,136,49,349,72,362,420,1793,4.3,15,87,1721,2023_03_TEN_CLE,3
1,408,606,67.3,4401,7.3,10.8,30,12,228,31,97,500,2311,4.6,27,124,1882,373,340,549,61.9,3449,6.3,10.1,24,8,183,42,258,88,373,499,2009,4.0,11,105,1911,2023_03_ATL_DET,20
0,327,530,61.7,3524,6.6,10.8,17,17,181,40,79,522,2159,4.1,14,121,1749,395,371,588,63.1,4205,7.2,11.3,28,16,209,41,357,89,395,408,1509,3.7,15,91,1793,2023_03_ATL_DET,6
1,374,581,64.4,3968,6.8,10.6,32,11,211,30,95,441,1905,4.3,10,101,1843,327,333,558,59.7,3524,6.3,10.6,22,18,167,34,244,78,327,462,2038,4.4,10,100,1790,2023_03_NO_GB,18
0,406,606,67.0,3990,6.6,9.8,28,11,199,35,93,480,1742,3.6,13,112,1870,350,342,523,65.4,3515,6.7,10.3,21,7,189,45,288,92,350,493,2181,4.4,15,120,1817,2023_03_NO_GB,17
1,412,620,66.5,4126,6.7,10.0,22,14,199,41,88,453,1646,3.6,17,98,1915,353,382,565,67.6,3979,7.0,10.4,17,14,185,46,355,87,353,468,1643,3.5,19,110,1910,2023_03_HOU_JAX,17
0,372,592,62.8,4173,7.0,11.2,27,8,215,47,93,444,1647,3.7,10,84,1846,371,404,617,65.5,4076,6.6,10.1,27,16,198,40,279,88,371,421,1752,4.2,15,99,1834,2023_03_HOU_JAX,37
1,393,566,69.4,4514,8.0,11.5,30,15,223,31,100,456,2308,5.1,27,113,1810,413,382,572,66.8,3972,6.9,10.4,29,11,201,42,330,96,413,469,2331,5.0,15,119,1829,2023_03_DEN_MIA,70
0,337,513,65.7,3262,6.4,9.7,28,9,154,52,94,451,1810,4.0,8,116,1831,391,380,568,66.9,3761,6.6,9.9,27,15,186,56,371,90,391,433,1650,3.8,15,109,1850,2023_03_DEN_MIA,20
1,424,631,67.2,4359,6.9,10.3,30,19,220,47,90,393,1553,4.0,7,79,1756,398,389,598,65.1,4246,7.1,10.9,26,9,203,48,334,94,398,467,1924,4.1,18,110,1881,2023_03_LAC_MIN,24
0,409,632,64.7,3957,6.3,9.7,24,8,204,43,89,431,1642,3.8,11,89,1797,362,426,606,70.3,3986,6.6,9.4,23,11,208,43,302,93,362,446,1678,3.8,14,104,1868,2023_03_LAC_MIN,28
1,356,601,59.2,2919,4.9,8.2,11,15,156,64,67,388,1647,4.2,7,77,1749,366,370,575,64.3,3543,6.2,9.6,19,10,181,36,248,85,366,480,1584,3.3,14,100,1977,2023_03_NE_NYJ,10
0,351,557,63.0,3069,5.5,8.7,16,21,153,48,71,415,1627,3.9,9,93,1683,355,313,522,60.0,2861,5.5,9.1,19,17,150,48,321,73,355,517,2108,4.1,14,111,1868,2023_03_NE_NYJ,15
1,407,636,64.0,3725,5.9,9.2,24,21,190,65,79,359,1592,4.4,15,99,1838,311,363,552,65.8,3342,6.1,9.2,18,18,183,54,334,79,311,409,1880,4.6,14,96,1708,2023_03_BUF_WAS,3
0,385,579,66.5,4154,7.2,10.8,29,18,199,24,91,512,2212,4.3,22,158,1922,518,396,598,66.2,4457,7.5,11.3,39,8,218,39,170,104,518,480,2155,4.5,15,121,1903,2023_03_BUF_WAS,37
1,371,575,64.5,3910,6.8,10.5,23,12,189,38,89,382,1580,4.1,11,93,1674,416,309,481,64.2,2916,6.1,9.4,19,8,162,27,193,87,416,508,2081,4.1,25,122,1793,2023_03_CAR_SEA,37
0,350,586,59.7,2741,4.7,7.8,13,10,150,65,72,445,1769,4.0,7,111,1867,402,390,585,66.7,3961,6.8,10.2,21,11,202,47,298,90,402,515,2352,4.6,24,143,2001,2023_03_CAR_SEA,27
1,355,555,64.0,3144,5.7,8.9,18,12,173,42,81,471,2365,5.0,17,127,1758,315,308,509,60.5,3185,6.3,10.3,21,17,166,46,296,78,315,459,1910,4.2,14,108,1692,2023_03_DAL_ARI,28
0,428,614,69.7,4397,7.2,10.3,36,10,229,40,103,468,1920,4.1,14,113,1968,455,347,506,68.6,3613,7.1,10.4,32,11,198,33,233,101,455,521,2434,4.7,19,141,1902,2023_03_DAL_ARI,16
1,421,635,66.3,4188,6.6,9.9,28,17,216,28,88,417,1784,4.3,9,107,1828,379,410,617,66.5,4043,6.6,9.9,31,22,196,30,202,87,379,388,1468,3.8,8,88,1682,2023_03_CHI_KC,41
0,321,513,62.6,3096,6.0,9.6,19,15,169,50,80,534,2399,4.5,16,137,1978,294,340,556,61.2,3001,5.4,8.8,19,8,169,57,351,81,294,432,1925,4.5,10,107,1832,2023_03_CHI_KC,10
1,348,557,62.5,3380,6.1,9.7,20,18,182,40,78,413,1542,3.7,11,83,1774,324,348,573,60.7,3860,6.7,11.1,23,16,186,47,304,83,324,454,1956,4.3,9,95,1821,2023_03_PIT_LV,18
0,323,506,63.8,3163,6.3,9.8,13,9,153,36,82,487,2010,4.1,16,115,1839,331,376,564,66.7,3610,6.4,9.6,21,13,187,46,290,87,331,479,2015,4.2,15,117,1886,2023_03_PIT_LV,23
1,364,568,64.1,3812,6.7,10.5,28,10,188,40,93,439,1509,3.4,8,79,1765,428,425,652,65.2,4296,6.6,10.1,35,9,222,43,255,96,428,410,1758,4.3,14,111,1840,2023_03_PHI_TB,11
0,369,563,65.5,3834,6.8,10.4,24,16,197,39,87,510,2190,4.3,22,149,1868,325,404,611,66.1,4232,6.9,10.5,23,13,213,48,336,90,325,422,1620,3.8,11,101,1895,2023_03_PHI_TB,25
1,420,615,68.3,3895,6.3,9.3,27,14,208,50,91,383,1527,4.0,12,90,1917,377,367,604,60.8,3928,6.5,10.7,24,10,193,41,267,86,377,433,1816,4.2,14,108,1835,2023_03_LA_CIN,19
0,361,583,61.9,4063,7.0,11.3,26,13,206,34,88,477,2045,4.3,18,110,1908,384,364,555,65.6,4223,7.6,11.6,23,17,201,44,257,89,384,456,2145,4.7,17,127,1857,2023_03_LA_CIN,16
1,374,581,64.4,3968,6.8,10.6,32,11,211,30,95,441,1905,4.3,10,101,1843,395,371,588,63.1,4205,7.2,11.3,28,16,209,41,357,89,395,408,1509,3.7,15,91,1793,2023_04_DET_GB,20
0,408,606,67.3,4401,7.3,10.8,30,12,228,31,97,500,2311,4.6,27,124,1882,350,342,523,65.4,3515,6.7,10.3,21,7,189,45,288,92,350,493,2181,4.4,15,120,1817,2023_04_DET_GB,34
1,412,620,66.5,4126,6.7,10.0,22,14,199,41,88,453,1646,3.6,17,98,1915,373,340,549,61.9,3449,6.3,10.1,24,8,183,42,258,88,373,499,2009,4.0,11,105,1911,2023_04_ATL_JAX,23
0,327,530,61.7,3524,6.6,10.8,17,17,181,40,79,522,2159,4.1,14,121,1749,371,404,617,65.5,4076,6.6,10.1,27,16,198,40,279,88,371,421,1752,4.2,15,99,1834,2023_04_ATL_JAX,7
1,385,579,66.5,4154,7.2,10.8,29,18,199,24,91,512,2212,4.3,22,158,1922,391,380,568,66.9,3761,6.6,9.9,27,15,186,56,371,90,391,433,1650,3.8,15,109,1850,2023_04_MIA_BUF,48
0,393,566,69.4,4514,8.0,11.5,30,15,223,31,100,456,2308,5.1,27,113,1810,311,363,552,65.8,3342,6.1,9.2,18,18,183,54,334,79,311,409,1880,4.6,14,96,1708,2023_04_MIA_BUF,20
1,350,586,59.7,2741,4.7,7.8,13,10,150,65,72,445,1769,4.0,7,111,1867,362,426,606,70.3,3986,6.6,9.4,23,11,208,43,302,93,362,446,1678,3.8,14,104,1868,2023_04_MIN_CAR,13
0,424,631,67.2,4359,6.9,10.3,30,19,220,47,90,393,1553,4.0,7,79,1756,416,309,481,64.2,2916,6.1,9.4,19,8,162,27,193,87,416,508,2081,4.1,25,122,1793,2023_04_MIN_CAR,21
1,321,513,62.6,3096,6.0,9.6,19,15,169,50,80,534,2399,4.5,16,137,1978,413,382,572,66.8,3972,6.9,10.4,29,11,201,42,330,96,413,469,2331,5.0,15,119,1829,2023_04_DEN_CHI,28
0,337,513,65.7,3262,6.4,9.7,28,9,154,52,94,451,1810,4.0,8,116,1831,379,410,617,66.5,4043,6.6,9.9,31,22,196,30,202,87,379,388,1468,3.8,8,88,1682,2023_04_DEN_CHI,31
1,355,624,56.9,3693,5.9,10.4,24,23,173,45,72,518,2017,3.9,15,121,1939,280,384,634,60.6,3263,5.1,8.5,18,18,175,60,454,72,280,415,1860,4.5,6,96,1767,2023_04_BAL_CLE,3
0,328,494,66.4,3635,7.4,11.1,27,7,180,41,100,541,2661,4.9,26,144,1873,362,307,535,57.4,2800,5.2,9.1,23,18,136,49,349,72,362,420,1793,4.3,15,87,1721,2023_04_BAL_CLE,28
1,372,592,62.8,4173,7.0,11.2,27,8,215,47,93,444,1647,3.7,10,84,1846,324,348,573,60.7,3860,6.7,11.1,23,16,186,47,304,83,324,454,1956,4.3,9,95,1821,2023_04_PIT_HOU,30
0,323,506,63.8,3163,6.3,9.8,13,9,153,36,82,487,2010,4.1,16,115,1839,353,382,565,67.6,3979,7.0,10.4,17,14,185,46,355,87,353,468,1643,3.5,19,110,1910,2023_04_PIT_HOU,6
1,355,574,61.8,3666,6.4,10.3,18,10,178,41,83,479,2059,4.3,19,113,1768,377,367,604,60.8,3928,6.5,10.7,24,10,193,41,267,86,377,433,1816,4.2,14,108,1835,2023_04_LA_IND,23
0,361,583,61.9,4063,7.0,11.3,26,13,206,34,88,477,2045,4.3,18,110,1908,415,370,568,65.1,3842,6.8,10.4,21,15,192,51,315,86,415,518,2105,4.1,22,123,1964,2023_04_LA_IND,29
1,406,606,67.0,3990,6.6,9.8,28,11,199,35,93,480,1742,3.6,13,112,1870,325,404,611,66.1,4232,6.9,10.5,23,13,213,48,336,90,325,422,1620,3.8,11,101,1895,2023_04_TB_NO,9
0,364,568,64.1,3812,6.7,10.5,28,10,188,40,93,439,1509,3.4,8,79,1765,327,333,558,59.7,3524,6.3,10.6,22,18,167,34,244,78,327,462,2038,4.4,10,100,1790,2023_04_TB_NO,26
1,369,563,65.5,3834,6.8,10.4,24,16,197,39,87,510,2190,4.3,22,149,1868,518,396,598,66.2,4457,7.5,11.3,39,8,218,39,170,104,518,480,2155,4.5,15,121,1903,2023_04_WAS_PHI,34
0,407,636,64.0,3725,5.9,9.2,24,21,190,65,79,359,1592,4.4,15,99,1838,428,425,652,65.2,4296,6.6,10.1,35,9,222,43,255,96,428,410,1758,4.3,14,111,1840,2023_04_WAS_PHI,31
1,304,494,61.5,3067,6.2,10.1,14,11,158,64,79,444,1846,4.2,16,103,1852,384,364,555,65.6,4223,7.6,11.6,23,17,201,44,257,89,384,456,2145,4.7,17,127,1857,2023_04_CIN_TEN,27
0,420,615,68.3,3895,6.3,9.3,27,14,208,50,91,383,1527,4.0,12,90,1917,367,387,571,67.8,3866,6.8,10.0,20,6,189,45,315,94,367,480,1831,3.8,10,103,1887,2023_04_CIN_TEN,3
1,409,632,64.7,3957,6.3,9.7,24,8,204,43,89,431,1642,3.8,11,89,1797,331,376,564,66.7,3610,6.4,9.6,21,13,187,46,290,87,331,479,2015,4.2,15,117,1886,2023_04_LV_LAC,24
0,348,557,62.5,3380,6.1,9.7,20,18,182,40,78,413,1542,3.7,11,83,1774,398,389,598,65.1,4246,7.1,10.9,26,9,203,48,334,94,398,467,1924,4.1,18,110,1881,2023_04_LV_LAC,17
1,428,614,69.7,4397,7.2,10.3,36,10,229,40,103,468,1920,4.1,14,113,1968,366,370,575,64.3,3543,6.2,9.6,19,10,181,36,248,85,366,480,1584,3.3,14,100,1977,2023_04_NE_DAL,38
0,351,557,63.0,3069,5.5,8.7,16,21,153,48,71,415,1627,3.9,9,93,1683,315,308,509,60.5,3185,6.3,10.3,21,17,166,46,296,78,315,459,1910,4.2,14,108,1692,2023_04_NE_DAL,3
1,336,491,68.4,4384,8.9,13.0,33,12,207,34,109,499,2389,4.8,27,147,1868,455,347,506,68.6,3613,7.1,10.4,32,11,198,33,233,101,455,521,2434,4.7,19,141,1902,2023_04_ARI_SF,35
0,355,555,64.0,3144,5.7,8.9,18,12,173,42,81,471,2365,5.0,17,127,1758,298,410,621,66.0,3642,5.9,8.9,20,22,190,48,307,78,298,369,1525,4.1,10,97,1792,2023_04_ARI_SF,16
1,356,601,59.2,2919,4.9,8.2,11,15,156,64,67,388,1647,4.2,7,77,1749,294,340,556,61.2,3001,5.4,8.8,19,8,169,57,351,81,294,432,1925,4.5,10,107,1832,2023_04_KC_NYJ,20
0,421,635,66.3,4188,6.6,9.9,28,17,216,28,88,417,1784,4.3,9,107,1828,355,313,522,60.0,2861,5.5,9.1,19,17,150,48,321,73,355,517,2108,4.1,14,111,1868,2023_04_KC_NYJ,23
1,338,518,65.3,2886,5.6,8.5,15,12,141,85,80,454,1874,4.1,10,97,1833,402,390,585,66.7,3961,6.8,10.2,21,11,202,47,298,90,402,515,2352,4.6,24,143,2001,2023_04_SEA_NYG,3
0,371,575,64.5,3910,6.8,10.5,23,12,189,38,89,382,1580,4.1,11,93,1674,407,371,582,63.7,3898,6.7,10.5,21,18,191,34,259,82,407,475,2251,4.7,24,134,1900,2023_04_SEA_NYG,24
1,407,636,64.0,3725,5.9,9.2,24,21,190,65,79,359,1592,4.4,15,99,1838,379,410,617,66.5,4043,6.6,9.9,31,22,196,30,202,87,379,388,1468,3.8,8,88,1682,2023_05_CHI_WAS,20
0,321,513,62.6,3096,6.0,9.6,19,15,169,50,80,534,2399,4.5,16,137,1978,518,396,598,66.2,4457,7.5,11.3,39,8,218,39,170,104,518,480,2155,4.5,15,121,1903,2023_05_CHI_WAS,40
1,385,579,66.5,4154,7.2,10.8,29,18,199,24,91,512,2212,4.3,22,158,1922,371,404,617,65.5,4076,6.6,10.1,27,16,198,40,279,88,371,421,1752,4.2,15,99,1834,2023_05_JAX_BUF,20
0,412,620,66.5,4126,6.7,10.0,22,14,199,41,88,453,1646,3.6,17,98,1915,311,363,552,65.8,3342,6.1,9.2,18,18,183,54,334,79,311,409,1880,4.6,14,96,1708,2023_05_JAX_BUF,25
1,327,530,61.7,3524,6.6,10.8,17,17,181,40,79,522,2159,4.1,14,121,1749,353,382,565,67.6,3979,7.0,10.4,17,14,185,46,355,87,353,468,1643,3.5,19,110,1910,2023_05_HOU_ATL,21
0,372,592,62.8,4173,7.0,11.2,27,8,215,47,93,444,1647,3.7,10,84,1846,373,340,549,61.9,3449,6.3,10.1,24,8,183,42,258,88,373,499,2009,4.0,11,105,1911,2023_05_HOU_ATL,19
1,408,606,67.3,4401,7.3,10.8,30,12,228,31,97,500,2311,4.6,27,124,1882,416,309,481,64.2,2916,6.1,9.4,19,8,162,27,193,87,416,508,2081,4.1,25,122,1793,2023_05_CAR_DET,42
0,350,586,59.7,2741,4.7,7.8,13,10,150,65,72,445,1769,4.0,7,111,1867,395,371,588,63.1,4205,7.2,11.3,28,16,209,41,357,89,395,408,1509,3.7,15,91,1793,2023_05_CAR_DET,24
1,355,574,61.8,3666,6.4,10.3,18,10,178,41,83,479,2059,4.3,19,113,1768,367,387,571,67.8,3866,6.8,10.0,20,6,189,45,315,94,367,480,1831,3.8,10,103,1887,2023_05_TEN_IND,23
0,304,494,61.5,3067,6.2,10.1,14,11,158,64,79,444,1846,4.2,16,103,1852,415,370,568,65.1,3842,6.8,10.4,21,15,192,51,315,86,415,518,2105,4.1,22,123,1964,2023_05_TEN_IND,16
1,393,566,69.4,4514,8.0,11.5,30,15,223,31,100,456,2308,5.1,27,113,1810,407,371,582,63.7,3898,6.7,10.5,21,18,191,34,259,82,407,475,2251,4.7,24,134,1900,2023_05_NYG_MIA,31
0,338,518,65.3,2886,5.6,8.5,15,12,141,85,80,454,1874,4.1,10,97,1833,391,380,568,66.9,3761,6.6,9.9,27,15,186,56,371,90,391,433,1650,3.8,15,109,1850,2023_05_NYG_MIA,16
1,351,557,63.0,3069,5.5,8.7,16,21,153,48,71,415,1627,3.9,9,93,1683,327,333,558,59.7,3524,6.3,10.6,22,18,167,34,244,78,327,462,2038,4.4,10,100,1790,2023_05_NO_NE,0
0,406,606,67.0,3990,6.6,9.8,28,11,199,35,93,480,1742,3.6,13,112,1870,366,370,575,64.3,3543,6.2,9.6,19,10,181,36,248,85,366,480,1584,3.3,14,100,1977,2023_05_NO_NE,34
1,323,506,63.8,3163,6.3,9.8,13,9,153,36,82,487,2010,4.1,16,115,1839,280,384,634,60.6,3263,5.1,8.5,18,18,175,60,454,72,280,415,1860,4.5,6,96,1767,2023_05_BAL_PIT,17
0,328,494,66.4,3635,7.4,11.1,27,7,180,41,100,541,2661,4.9,26,144,1873,324,348,573,60.7,3860,6.7,11.1,23,16,186,47,304,83,324,454,1956,4.3,9,95,1821,2023_05_BAL_PIT,10
1,355,555,64.0,3144,5.7,8.9,18,12,173,42,81,471,2365,5.0,17,127,1758,384,364,555,65.6,4223,7.6,11.6,23,17,201,44,257,89,384,456,2145,4.7,17,127,1857,2023_05_CIN_ARI,20
0,420,615,68.3,3895,6.3,9.3,27,14,208,50,91,383,1527,4.0,12,90,1917,455,347,506,68.6,3613,7.1,10.4,32,11,198,33,233,101,455,521,2434,4.7,19,141,1902,2023_05_CIN_ARI,34
1,361,583,61.9,4063,7.0,11.3,26,13,206,34,88,477,2045,4.3,18,110,1908,428,425,652,65.2,4296,6.6,10.1,35,9,222,43,255,96,428,410,1758,4.3,14,111,1840,2023_05_PHI_LA,14
0,369,563,65.5,3834,6.8,10.4,24,16,197,39,87,510,2190,4.3,22,149,1868,377,367,604,60.8,3928,6.5,10.7,24,10,193,41,267,86,377,433,1816,4.2,14,108,1835,2023_05_PHI_LA,23
1,337,513,65.7,3262,6.4,9.7,28,9,154,52,94,451,1810,4.0,8,116,1831,355,313,522,60.0,2861,5.5,9.1,19,17,150,48,321,73,355,517,2108,4.1,14,111,1868,2023_05_NYJ_DEN,21
0,356,601,59.2,2919,4.9,8.2,11,15,156,64,67,388,1647,4.2,7,77,1749,413,382,572,66.8,3972,6.9,10.4,29,11,201,42,330,96,413,469,2331,5.0,15,119,1829,2023_05_NYJ_DEN,31
1,424,631,67.2,4359,6.9,10.3,30,19,220,47,90,393,1553,4.0,7,79,1756,294,340,556,61.2,3001,5.4,8.8,19,8,169,57,351,81,294,432,1925,4.5,10,107,1832,2023_05_KC_MIN,20
0,421,635,66.3,4188,6.6,9.9,28,17,216,28,88,417,1784,4.3,9,107,1828,362,426,606,70.3,3986,6.6,9.4,23,11,208,43,302,93,362,446,1678,3.8,14,104,1868,2023_05_KC_MIN,27
1,336,491,68.4,4384,8.9,13.0,33,12,207,34,109,499,2389,4.8,27,147,1868,315,308,509,60.5,3185,6.3,10.3,21,17,166,46,296,78,315,459,1910,4.2,14,108,1692,2023_05_DAL_SF,42
0,428,614,69.7,4397,7.2,10.3,36,10,229,40,103,468,1920,4.1,14,113,1968,298,410,621,66.0,3642,5.9,8.9,20,22,190,48,307,78,298,369,1525,4.1,10,97,1792,2023_05_DAL_SF,10
1,348,557,62.5,3380,6.1,9.7,20,18,182,40,78,413,1542,3.7,11,83,1774,350,342,523,65.4,3515,6.7,10.3,21,7,189,45,288,92,350,493,2181,4.4,15,120,1817,2023_05_GB_LV,17
0,374,581,64.4,3968,6.8,10.6,32,11,211,30,95,441,1905,4.3,10,101,1843,331,376,564,66.7,3610,6.4,9.6,21,13,187,46,290,87,331,479,2015,4.2,15,117,1886,2023_05_GB_LV,13
1,421,635,66.3,4188,6.6,9.9,28,17,216,28,88,417,1784,4.3,9,107,1828,413,382,572,66.8,3972,6.9,10.4,29,11,201,42,330,96,413,469,2331,5.0,15,119,1829,2023_06_DEN_KC,19
0,337,513,65.7,3262,6.4,9.7,28,9,154,52,94,451,1810,4.0,8,116,1831,294,340,556,61.2,3001,5.4,8.8,19,8,169,57,351,81,294,432,1925,4.5,10,107,1832,2023_06_DEN_KC,8
1,304,494,61.5,3067,6.2,10.1,14,11,158,64,79,444,1846,4.2,16,103,1852,280,384,634,60.6,3263,5.1,8.5,18,18,175,60,454,72,280,415,1860,4.5,6,96,1767,2023_06_BAL_TEN,16
0,328,494,66.4,3635,7.4,11.1,27,7,180,41,100,541,2661,4.9,26,144,1873,367,387,571,67.8,3866,6.8,10.0,20,6,189,45,315,94,367,480,1831,3.8,10,103,1887,2023_06_BAL_TEN,24
1,327,530,61.7,3524,6.6,10.8,17,17,181,40,79,522,2159,4.1,14,121,1749,518,396,598,66.2,4457,7.5,11.3,39,8,218,39,170,104,518,480,2155,4.5,15,121,1903,2023_06_WAS_ATL,16
0,407,636,64.0,3725,5.9,9.2,24,21,190,65,79,359,1592,4.4,15,99,1838,373,340,549,61.9,3449,6.3,10.1,24,8,183,42,258,88,373,499,2009,4.0,11,105,1911,2023_06_WAS_ATL,24
1,321,513,62.6,3096,6.0,9.6,19,15,169,50,80,534,2399,4.5,16,137,1978,362,426,606,70.3,3986,6.6,9.4,23,11,208,43,302,93,362,446,1678,3.8,14,104,1868,2023_06_MIN_CHI,13
0,424,631,67.2,4359,6.9,10.3,30,19,220,47,90,393,1553,4.0,7,79,1756,379,410,617,66.5,4043,6.6,9.9,31,22,196,30,202,87,379,388,1468,3.8,8,88,1682,2023_06_MIN_CHI,19
1,420,615,68.3,3895,6.3,9.3,27,14,208,50,91,383,1527,4.0,12,90,1917,402,390,585,66.7,3961,6.8,10.2,21,11,202,47,298,90,402,515,2352,4.6,24,143,2001,2023_06_SEA_CIN,17
0,371,575,64.5,3910,6.8,10.5,23,12,189,38,89,382,1580,4.1,11,93,1674,384,364,555,65.6,4223,7.6,11.6,23,17,201,44,257,89,384,456,2145,4.7,17,127,1857,2023_06_SEA_CIN,13
1,355,624,56.9,3693,5.9,10.4,24,23,173,45,72,518,2017,3.9,15,121,1939,298,410,621,66.0,3642,5.9,8.9,20,22,190,48,307,78,298,369,1525,4.1,10,97,1792,2023_06_SF_CLE,19
0,336,491,68.4,4384,8.9,13.0,33,12,207,34,109,499,2389,4.8,27,147,1868,362,307,535,57.4,2800,5.2,9.1,23,18,136,49,349,72,362,420,1793,4.3,15,87,1721,2023_06_SF_CLE,17
1,372,592,62.8,4173,7.0,11.2,27,8,215,47,93,444,1647,3.7,10,84,1846,327,333,558,59.7,3524,6.3,10.6,22,18,167,34,244,78,327,462,2038,4.4,10,100,1790,2023_06_NO_HOU,20
0,406,606,67.0,3990,6.6,9.8,28,11,199,35,93,480,1742,3.6,13,112,1870,353,382,565,67.6,3979,7.0,10.4,17,14,185,46,355,87,353,468,1643,3.5,19,110,1910,2023_06_NO_HOU,13
1,412,620,66.5,4126,6.7,10.0,22,14,199,41,88,453,1646,3.6,17,98,1915,415,370,568,65.1,3842,6.8,10.4,21,15,192,51,315,86,415,518,2105,4.1,22,123,1964,2023_06_IND_JAX,37
0,355,574,61.8,3666,6.4,10.3,18,10,178,41,83,479,2059,4.3,19,113,1768,371,404,617,65.5,4076,6.6,10.1,27,16,198,40,279,88,371,421,1752,4.2,15,99,1834,2023_06_IND_JAX,20
1,393,566,69.4,4514,8.0,11.5,30,15,223,31,100,456,2308,5.1,27,113,1810,416,309,481,64.2,2916,6.1,9.4,19,8,162,27,193,87,416,508,2081,4.1,25,122,1793,2023_06_CAR_MIA,42
0,350,586,59.7,2741,4.7,7.8,13,10,150,65,72,445,1769,4.0,7,111,1867,391,380,568,66.9,3761,6.6,9.9,27,15,186,56,371,90,391,433,1650,3.8,15,109,1850,2023_06_CAR_MIA,21
1,348,557,62.5,3380,6.1,9.7,20,18,182,40,78,413,1542,3.7,11,83,1774,366,370,575,64.3,3543,6.2,9.6,19,10,181,36,248,85,366,480,1584,3.3,14,100,1977,2023_06_NE_LV,21
0,351,557,63.0,3069,5.5,8.7,16,21,153,48,71,415,1627,3.9,9,93,1683,331,376,564,66.7,3610,6.4,9.6,21,13,187,46,290,87,331,479,2015,4.2,15,117,1886,2023_06_NE_LV,17
1,361,583,61.9,4063,7.0,11.3,26,13,206,34,88,477,2045,4.3,18,110,1908,455,347,506,68.6,3613,7.1,10.4,32,11,198,33,233,101,455,521,2434,4.7,19,141,1902,2023_06_ARI_LA,26
0,355,555,64.0,3144,5.7,8.9,18,12,173,42,81,471,2365,5.0,17,127,1758,377,367,604,60.8,3928,6.5,10.7,24,10,193,41,267,86,377,433,1816,4.2,14,108,1835,2023_06_ARI_LA,9
1,356,601,59.2,2919,4.9,8.2,11,15,156,64,67,388,1647,4.2,7,77,1749,428,425,652,65.2,4296,6.6,10.1,35,9,222,43,255,96,428,410,1758,4.3,14,111,1840,2023_06_PHI_NYJ,20
0,369,563,65.5,3834,6.8,10.4,24,16,197,39,87,510,2190,4.3,22,149,1868,355,313,522,60.0,2861,5.5,9.1,19,17,150,48,321,73,355,517,2108,4.1,14,111,1868,2023_06_PHI_NYJ,14
1,364,568,64.1,3812,6.7,10.5,28,10,188,40,93,439,1509,3.4,8,79,1765,395,371,588,63.1,4205,7.2,11.3,28,16,209,41,357,89,395,408,1509,3.7,15,91,1793,2023_06_DET_TB,6
0,408,606,67.3,4401,7.3,10.8,30,12,228,31,97,500,2311,4.6,27,124,1882,325,404,611,66.1,4232,6.9,10.5,23,13,213,48,336,90,325,422,1620,3.8,11,101,1895,2023_06_DET_TB,20
1,385,579,66.5,4154,7.2,10.8,29,18,199,24,91,512,2212,4.3,22,158,1922,407,371,582,63.7,3898,6.7,10.5,21,18,191,34,259,82,407,475,2251,4.7,24,134,1900,2023_06_NYG_BUF,14
0,338,518,65.3,2886,5.6,8.5,15,12,141,85,80,454,1874,4.1,10,97,1833,311,363,552,65.8,3342,6.1,9.2,18,18,183,54,334,79,311,409,1880,4.6,14,96,1708,2023_06_NYG_BUF,9
1,409,632,64.7,3957,6.3,9.7,24,8,204,43,89,431,1642,3.8,11,89,1797,315,308,509,60.5,3185,6.3,10.3,21,17,166,46,296,78,315,459,1910,4.2,14,108,1692,2023_06_DAL_LAC,17
0,428,614,69.7,4397,7.2,10.3,36,10,229,40,103,468,1920,4.1,14,113,1968,398,389,598,65.1,4246,7.1,10.9,26,9,203,48,334,94,398,467,1924,4.1,18,110,1881,2023_06_DAL_LAC,20
1,406,606,67.0,3990,6.6,9.8,28,11,199,35,93,480,1742,3.6,13,112,1870,371,404,617,65.5,4076,6.6,10.1,27,16,198,40,279,88,371,421,1752,4.2,15,99,1834,2023_07_JAX_NO,24
0,412,620,66.5,4126,6.7,10.0,22,14,199,41,88,453,1646,3.6,17,98,1915,327,333,558,59.7,3524,6.3,10.6,22,18,167,34,244,78,327,462,2038,4.4,10,100,1790,2023_07_JAX_NO,31
1,328,494,66.4,3635,7.4,11.1,27,7,180,41,100,541,2661,4.9,26,144,1873,395,371,588,63.1,4205,7.2,11.3,28,16,209,41,357,89,395,408,1509,3.7,15,91,1793,2023_07_DET_BAL,38
0,408,606,67.3,4401,7.3,10.8,30,12,228,31,97,500,2311,4.6,27,124,1882,280,384,634,60.6,3263,5.1,8.5,18,18,175,60,454,72,280,415,1860,4.5,6,96,1767,2023_07_DET_BAL,6
1,321,513,62.6,3096,6.0,9.6,19,15,169,50,80,534,2399,4.5,16,137,1978,331,376,564,66.7,3610,6.4,9.6,21,13,187,46,290,87,331,479,2015,4.2,15,117,1886,2023_07_LV_CHI,30
0,348,557,62.5,3380,6.1,9.7,20,18,182,40,78,413,1542,3.7,11,83,1774,379,410,617,66.5,4043,6.6,9.9,31,22,196,30,202,87,379,388,1468,3.8,8,88,1682,2023_07_LV_CHI,12
1,355,574,61.8,3666,6.4,10.3,18,10,178,41,83,479,2059,4.3,19,113,1768,362,307,535,57.4,2800,5.2,9.1,23,18,136,49,349,72,362,420,1793,4.3,15,87,1721,2023_07_CLE_IND,38
0,355,624,56.9,3693,5.9,10.4,24,23,173,45,72,518,2017,3.9,15,121,1939,415,370,568,65.1,3842,6.8,10.4,21,15,192,51,315,86,415,518,2105,4.1,22,123,1964,2023_07_CLE_IND,39
1,351,557,63.0,3069,5.5,8.7,16,21,153,48,71,415,1627,3.9,9,93,1683,311,363,552,65.8,3342,6.1,9.2,18,18,183,54,334,79,311,409,1880,4.6,14,96,1708,2023_07_BUF_NE,29
0,385,579,66.5,4154,7.2,10.8,29,18,199,24,91,512,2212,4.3,22,158,1922,366,370,575,64.3,3543,6.2,9.6,19,10,181,36,248,85,366,480,1584,3.3,14,100,1977,2023_07_BUF_NE,25
1,338,518,65.3,2886,5.6,8.5,15,12,141,85,80,454,1874,4.1,10,97,1833,518,396,598,66.2,4457,7.5,11.3,39,8,218,39,170,104,518,480,2155,4.5,15,121,1903,2023_07_WAS_NYG,14
0,407,636,64.0,3725,5.9,9.2,24,21,190,65,79,359,1592,4.4,15,99,1838,407,371,582,63.7,3898,6.7,10.5,21,18,191,34,259,82,407,475,2251,4.7,24,134,1900,2023_07_WAS_NYG,7
1,364,568,64.1,3812,6.7,10.5,28,10,188,40,93,439,1509,3.4,8,79,1765,373,340,549,61.9,3449,6.3,10.1,24,8,183,42,258,88,373,499,2009,4.0,11,105,1911,2023_07_ATL_TB,13
0,327,530,61.7,3524,6.6,10.8,17,17,181,40,79,522,2159,4.1,14,121,1749,325,404,611,66.1,4232,6.9,10.5,23,13,213,48,336,90,325,422,1620,3.8,11,101,1895,2023_07_ATL_TB,16
1,361,583,61.9,4063,7.0,11.3,26,13,206,34,88,477,2045,4.3,18,110,1908,324,348,573,60.7,3860,6.7,11.1,23,16,186,47,304,83,324,454,1956,4.3,9,95,1821,2023_07_PIT_LA,17
0,323,506,63.8,3163,6.3,9.8,13,9,153,36,82,487,2010,4.1,16,115,1839,377,367,604,60.8,3928,6.5,10.7,24,10,193,41,267,86,377,433,1816,4.2,14,108,1835,2023_07_PIT_LA,24
1,371,575,64.5,3910,6.8,10.5,23,12,189,38,89,382,1580,4.1,11,93,1674,455,347,506,68.6,3613,7.1,10.4,32,11,198,33,233,101,455,521,2434,4.7,19,141,1902,2023_07_ARI_SEA,20
0,355,555,64.0,3144,5.7,8.9,18,12,173,42,81,471,2365,5.0,17,127,1758,402,390,585,66.7,3961,6.8,10.2,21,11,202,47,298,90,402,515,2352,4.6,24,143,2001,2023_07_ARI_SEA,10
1,337,513,65.7,3262,6.4,9.7,28,9,154,52,94,451,1810,4.0,8,116,1831,350,342,523,65.4,3515,6.7,10.3,21,7,189,45,288,92,350,493,2181,4.4,15,120,1817,2023_07_GB_DEN,19
0,374,581,64.4,3968,6.8,10.6,32,11,211,30,95,441,1905,4.3,10,101,1843,413,382,572,66.8,3972,6.9,10.4,29,11,201,42,330,96,413,469,2331,5.0,15,119,1829,2023_07_GB_DEN,17
1,421,635,66.3,4188,6.6,9.9,28,17,216,28,88,417,1784,4.3,9,107,1828,398,389,598,65.1,4246,7.1,10.9,26,9,203,48,334,94,398,467,1924,4.1,18,110,1881,2023_07_LAC_KC,31
0,409,632,64.7,3957,6.3,9.7,24,8,204,43,89,431,1642,3.8,11,89,1797,294,340,556,61.2,3001,5.4,8.8,19,8,169,57,351,81,294,432,1925,4.5,10,107,1832,2023_07_LAC_KC,17
1,369,563,65.5,3834,6.8,10.4,24,16,197,39,87,510,2190,4.3,22,149,1868,391,380,568,66.9,3761,6.6,9.9,27,15,186,56,371,90,391,433,1650,3.8,15,109,1850,2023_07_MIA_PHI,31
0,393,566,69.4,4514,8.0,11.5,30,15,223,31,100,456,2308,5.1,27,113,1810,428,425,652,65.2,4296,6.6,10.1,35,9,222,43,255,96,428,410,1758,4.3,14,111,1840,2023_07_MIA_PHI,17
1,424,631,67.2,4359,6.9,10.3,30,19,220,47,90,393,1553,4.0,7,79,1756,298,410,621,66.0,3642,5.9,8.9,20,22,190,48,307,78,298,369,1525,4.1,10,97,1792,2023_07_SF_MIN,22
0,336,491,68.4,4384,8.9,13.0,33,12,207,34,109,499,2389,4.8,27,147,1868,362,426,606,70.3,3986,6.6,9.4,23,11,208,43,302,93,362,446,1678,3.8,14,104,1868,2023_07_SF_MIN,17
1,385,579,66.5,4154,7.2,10.8,29,18,199,24,91,512,2212,4.3,22,158,1922,325,404,611,66.1,4232,6.9,10.5,23,13,213,48,336,90,325,422,1620,3.8,11,101,1895,2023_08_TB_BUF,24
0,364,568,64.1,3812,6.7,10.5,28,10,188,40,93,439,1509,3.4,8,79,1765,311,363,552,65.8,3342,6.1,9.2,18,18,183,54,334,79,311,409,1880,4.6,14,96,1708,2023_08_TB_BUF,18
1,350,586,59.7,2741,4.7,7.8,13,10,150,65,72,445,1769,4.0,7,111,1867,353,382,565,67.6,3979,7.0,10.4,17,14,185,46,355,87,353,468,1643,3.5,19,110,1910,2023_08_HOU_CAR,15
0,372,592,62.8,4173,7.0,11.2,27,8,215,47,93,444,1647,3.7,10,84,1846,416,309,481,64.2,2916,6.1,9.4,19,8,162,27,193,87,416,508,2081,4.1,25,122,1793,2023_08_HOU_CAR,13
1,428,614,69.7,4397,7.2,10.3,36,10,229,40,103,468,1920,4.1,14,113,1968,377,367,604,60.8,3928,6.5,10.7,24,10,193,41,267,86,377,433,1816,4.2,14,108,1835,2023_08_LA_DAL,43
0,361,583,61.9,4063,7.0,11.3,26,13,206,34,88,477,2045,4.3,18,110,1908,315,308,509,60.5,3185,6.3,10.3,21,17,166,46,296,78,315,459,1910,4.2,14,108,1692,2023_08_LA_DAL,20
1,374,581,64.4,3968,6.8,10.6,32,11,211,30,95,441,1905,4.3,10,101,1843,362,426,606,70.3,3986,6.6,9.4,23,11,208,43,302,93,362,446,1678,3.8,14,104,1868,2023_08_MIN_GB,10
0,424,631,67.2,4359,6.9,10.3,30,19,220,47,90,393,1553,4.0,7,79,1756,350,342,523,65.4,3515,6.7,10.3,21,7,189,45,288,92,350,493,2181,4.4,15,120,1817,2023_08_MIN_GB,24
1,355,574,61.8,3666,6.4,10.3,18,10,178,41,83,479,2059,4.3,19,113,1768,327,333,558,59.7,3524,6.3,10.6,22,18,167,34,244,78,327,462,2038,4.4,10,100,1790,2023_08_NO_IND,27
0,406,606,67.0,3990,6.6,9.8,28,11,199,35,93,480,1742,3.6,13,112,1870,415,370,568,65.1,3842,6.8,10.4,21,15,192,51,315,86,415,518,2105,4.1,22,123,1964,2023_08_NO_IND,38
1,393,566,69.4,4514,8.0,11.5,30,15,223,31,100,456,2308,5.1,27,113,1810,366,370,575,64.3,3543,6.2,9.6,19,10,181,36,248,85,366,480,1584,3.3,14,100,1977,2023_08_NE_MIA,31
0,351,557,63.0,3069,5.5,8.7,16,21,153,48,71,415,1627,3.9,9,93,1683,391,380,568,66.9,3761,6.6,9.9,27,15,186,56,371,90,391,433,1650,3.8,15,109,1850,2023_08_NE_MIA,17
1,338,518,65.3,2886,5.6,8.5,15,12,141,85,80,454,1874,4.1,10,97,1833,355,313,522,60.0,2861,5.5,9.1,19,17,150,48,321,73,355,517,2108,4.1,14,111,1868,2023_08_NYJ_NYG,10
0,356,601,59.2,2919,4.9,8.2,11,15,156,64,67,388,1647,4.2,7,77,1749,407,371,582,63.7,3898,6.7,10.5,21,18,191,34,259,82,407,475,2251,4.7,24,134,1900,2023_08_NYJ_NYG,13
1,323,506,63.8,3163,6.3,9.8,13,9,153,36,82,487,2010,4.1,16,115,1839,371,404,617,65.5,4076,6.6,10.1,27,16,198,40,279,88,371,421,1752,4.2,15,99,1834,2023_08_JAX_PIT,10
0,412,620,66.5,4126,6.7,10.0,22,14,199,41,88,453,1646,3.6,17,98,1915,324,348,573,60.7,3860,6.7,11.1,23,16,186,47,304,83,324,454,1956,4.3,9,95,1821,2023_08_JAX_PIT,20
1,304,494,61.5,3067,6.2,10.1,14,11,158,64,79,444,1846,4.2,16,103,1852,373,340,549,61.9,3449,6.3,10.1,24,8,183,42,258,88,373,499,2009,4.0,11,105,1911,2023_08_ATL_TEN,28
0,327,530,61.7,3524,6.6,10.8,17,17,181,40,79,522,2159,4.1,14,121,1749,367,387,571,67.8,3866,6.8,10.0,20,6,189,45,315,94,367,480,1831,3.8,10,103,1887,2023_08_ATL_TEN,23
1,407,636,64.0,3725,5.9,9.2,24,21,190,65,79,359,1592,4.4,15,99,1838,428,425,652,65.2,4296,6.6,10.1,35,9,222,43,255,96,428,410,1758,4.3,14,111,1840,2023_08_PHI_WAS,31
0,369,563,65.5,3834,6.8,10.4,24,16,197,39,87,510,2190,4.3,22,149,1868,518,396,598,66.2,4457,7.5,11.3,39,8,218,39,170,104,518,480,2155,4.5,15,121,1903,2023_08_PHI_WAS,38
1,371,575,64.5,3910,6.8,10.5,23,12,189,38,89,382,1580,4.1,11,93,1674,362,307,535,57.4,2800,5.2,9.1,23,18,136,49,349,72,362,420,1793,4.3,15,87,1721,2023_08_CLE_SEA,24
0,355,624,56.9,3693,5.9,10.4,24,23,173,45,72,518,2017,3.9,15,121,1939,402,390,585,66.7,3961,6.8,10.2,21,11,202,47,298,90,402,515,2352,4.6,24,143,2001,2023_08_CLE_SEA,20
1,355,555,64.0,3144,5.7,8.9,18,12,173,42,81,471,2365,5.0,17,127,1758,280,384,634,60.6,3263,5.1,8.5,18,18,175,60,454,72,280,415,1860,4.5,6,96,1767,2023_08_BAL_ARI,24
0,328,494,66.4,3635,7.4,11.1,27,7,180,41,100,541,2661,4.9,26,144,1873,455,347,506,68.6,3613,7.1,10.4,32,11,198,33,233,101,455,521,2434,4.7,19,141,1902,2023_08_BAL_ARI,31
1,337,513,65.7,3262,6.4,9.7,28,9,154,52,94,451,1810,4.0,8,116,1831,294,340,556,61.2,3001,5.4,8.8,19,8,169,57,351,81,294,432,1925,4.5,10,107,1832,2023_08_KC_DEN,24
0,421,635,66.3,4188,6.6,9.9,28,17,216,28,88,417,1784,4.3,9,107,1828,413,382,572,66.8,3972,6.9,10.4,29,11,201,42,330,96,413,469,2331,5.0,15,119,1829,2023_08_KC_DEN,9
1,336,491,68.4,4384,8.9,13.0,33,12,207,34,109,499,2389,4.8,27,147,1868,384,364,555,65.6,4223,7.6,11.6,23,17,201,44,257,89,384,456,2145,4.7,17,127,1857,2023_08_CIN_SF,17
0,420,615,68.3,3895,6.3,9.3,27,14,208,50,91,383,1527,4.0,12,90,1917,298,410,621,66.0,3642,5.9,8.9,20,22,190,48,307,78,298,369,1525,4.1,10,97,1792,2023_08_CIN_SF,31
1,409,632,64.7,3957,6.3,9.7,24,8,204,43,89,431,1642,3.8,11,89,1797,379,410,617,66.5,4043,6.6,9.9,31,22,196,30,202,87,379,388,1468,3.8,8,88,1682,2023_08_CHI_LAC,30
0,321,513,62.6,3096,6.0,9.6,19,15,169,50,80,534,2399,4.5,16,137,1978,398,389,598,65.1,4246,7.1,10.9,26,9,203,48,334,94,398,467,1924,4.1,18,110,1881,2023_08_CHI_LAC,13
1,408,606,67.3,4401,7.3,10.8,30,12,228,31,97,500,2311,4.6,27,124,1882,331,376,564,66.7,3610,6.4,9.6,21,13,187,46,290,87,331,479,2015,4.2,15,117,1886,2023_08_LV_DET,26
0,348,557,62.5,3380,6.1,9.7,20,18,182,40,78,413,1542,3.7,11,83,1774,395,371,588,63.1,4205,7.2,11.3,28,16,209,41,357,89,395,408,1509,3.7,15,91,1793,2023_08_LV_DET,14
1,323,506,63.8,3163,6.3,9.8,13,9,153,36,82,487,2010,4.1,16,115,1839,367,387,571,67.8,3866,6.8,10.0,20,6,189,45,315,94,367,480,1831,3.8,10,103,1887,2023_09_TEN_PIT,20
0,304,494,61.5,3067,6.2,10.1,14,11,158,64,79,444,1846,4.2,16,103,1852,324,348,573,60.7,3860,6.7,11.1,23,16,186,47,304,83,324,454,1956,4.3,9,95,1821,2023_09_TEN_PIT,16
1,421,635,66.3,4188,6.6,9.9,28,17,216,28,88,417,1784,4.3,9,107,1828,391,380,568,66.9,3761,6.6,9.9,27,15,186,56,371,90,391,433,1650,3.8,15,109,1850,2023_09_MIA_KC,21
0,393,566,69.4,4514,8.0,11.5,30,15,223,31,100,456,2308,5.1,27,113,1810,294,340,556,61.2,3001,5.4,8.8,19,8,169,57,351,81,294,432,1925,4.5,10,107,1832,2023_09_MIA_KC,14
1,327,530,61.7,3524,6.6,10.8,17,17,181,40,79,522,2159,4.1,14,121,1749,362,426,606,70.3,3986,6.6,9.4,23,11,208,43,302,93,362,446,1678,3.8,14,104,1868,2023_09_MIN_ATL,28
0,424,631,67.2,4359,6.9,10.3,30,19,220,47,90,393,1553,4.0,7,79,1756,373,340,549,61.9,3449,6.3,10.1,24,8,183,42,258,88,373,499,2009,4.0,11,105,1911,2023_09_MIN_ATL,31
1,328,494,66.4,3635,7.4,11.1,27,7,180,41,100,541,2661,4.9,26,144,1873,402,390,585,66.7,3961,6.8,10.2,21,11,202,47,298,90,402,515,2352,4.6,24,143,2001,2023_09_SEA_BAL,37
0,371,575,64.5,3910,6.8,10.5,23,12,189,38,89,382,1580,4.1,11,93,1674,280,384,634,60.6,3263,5.1,8.5,18,18,175,60,454,72,280,415,1860,4.5,6,96,1767,2023_09_SEA_BAL,3
1,355,624,56.9,3693,5.9,10.4,24,23,173,45,72,518,2017,3.9,15,121,1939,455,347,506,68.6,3613,7.1,10.4,32,11,198,33,233,101,455,521,2434,4.7,19,141,1902,2023_09_ARI_CLE,27
0,355,555,64.0,3144,5.7,8.9,18,12,173,42,81,471,2365,5.0,17,127,1758,362,307,535,57.4,2800,5.2,9.1,23,18,136,49,349,72,362,420,1793,4.3,15,87,1721,2023_09_ARI_CLE,0
1,374,581,64.4,3968,6.8,10.6,32,11,211,30,95,441,1905,4.3,10,101,1843,377,367,604,60.8,3928,6.5,10.7,24,10,193,41,267,86,377,433,1816,4.2,14,108,1835,2023_09_LA_GB,20
0,361,583,61.9,4063,7.0,11.3,26,13,206,34,88,477,2045,4.3,18,110,1908,350,342,523,65.4,3515,6.7,10.3,21,7,189,45,288,92,350,493,2181,4.4,15,120,1817,2023_09_LA_GB,3
1,372,592,62.8,4173,7.0,11.2,27,8,215,47,93,444,1647,3.7,10,84,1846,325,404,611,66.1,4232,6.9,10.5,23,13,213,48,336,90,325,422,1620,3.8,11,101,1895,2023_09_TB_HOU,39
0,364,568,64.1,3812,6.7,10.5,28,10,188,40,93,439,1509,3.4,8,79,1765,353,382,565,67.6,3979,7.0,10.4,17,14,185,46,355,87,353,468,1643,3.5,19,110,1910,2023_09_TB_HOU,37
1,351,557,63.0,3069,5.5,8.7,16,21,153,48,71,415,1627,3.9,9,93,1683,518,396,598,66.2,4457,7.5,11.3,39,8,218,39,170,104,518,480,2155,4.5,15,121,1903,2023_09_WAS_NE,17
0,407,636,64.0,3725,5.9,9.2,24,21,190,65,79,359,1592,4.4,15,99,1838,366,370,575,64.3,3543,6.2,9.6,19,10,181,36,248,85,366,480,1584,3.3,14,100,1977,2023_09_WAS_NE,20
1,406,606,67.0,3990,6.6,9.8,28,11,199,35,93,480,1742,3.6,13,112,1870,379,410,617,66.5,4043,6.6,9.9,31,22,196,30,202,87,379,388,1468,3.8,8,88,1682,2023_09_CHI_NO,24
0,321,513,62.6,3096,6.0,9.6,19,15,169,50,80,534,2399,4.5,16,137,1978,327,333,558,59.7,3524,6.3,10.6,22,18,167,34,244,78,327,462,2038,4.4,10,100,1790,2023_09_CHI_NO,17
1,350,586,59.7,2741,4.7,7.8,13,10,150,65,72,445,1769,4.0,7,111,1867,415,370,568,65.1,3842,6.8,10.4,21,15,192,51,315,86,415,518,2105,4.1,22,123,1964,2023_09_IND_CAR,13
0,355,574,61.8,3666,6.4,10.3,18,10,178,41,83,479,2059,4.3,19,113,1768,416,309,481,64.2,2916,6.1,9.4,19,8,162,27,193,87,416,508,2081,4.1,25,122,1793,2023_09_IND_CAR,27
1,348,557,62.5,3380,6.1,9.7,20,18,182,40,78,413,1542,3.7,11,83,1774,407,371,582,63.7,3898,6.7,10.5,21,18,191,34,259,82,407,475,2251,4.7,24,134,1900,2023_09_NYG_LV,30
0,338,518,65.3,2886,5.6,8.5,15,12,141,85,80,454,1874,4.1,10,97,1833,331,376,564,66.7,3610,6.4,9.6,21,13,187,46,290,87,331,479,2015,4.2,15,117,1886,2023_09_NYG_LV,6
1,369,563,65.5,3834,6.8,10.4,24,16,197,39,87,510,2190,4.3,22,149,1868,315,308,509,60.5,3185,6.3,10.3,21,17,166,46,296,78,315,459,1910,4.2,14,108,1692,2023_09_DAL_PHI,28
0,428,614,69.7,4397,7.2,10.3,36,10,229,40,103,468,1920,4.1,14,113,1968,428,425,652,65.2,4296,6.6,10.1,35,9,222,43,255,96,428,410,1758,4.3,14,111,1840,2023_09_DAL_PHI,23
1,420,615,68.3,3895,6.3,9.3,27,14,208,50,91,383,1527,4.0,12,90,1917,311,363,552,65.8,3342,6.1,9.2,18,18,183,54,334,79,311,409,1880,4.6,14,96,1708,2023_09_BUF_CIN,24
0,385,579,66.5,4154,7.2,10.8,29,18,199,24,91,512,2212,4.3,22,158,1922,384,364,555,65.6,4223,7.6,11.6,23,17,201,44,257,89,384,456,2145,4.7,17,127,1857,2023_09_BUF_CIN,18
1,356,601,59.2,2919,4.9,8.2,11,15,156,64,67,388,1647,4.2,7,77,1749,398,389,598,65.1,4246,7.1,10.9,26,9,203,48,334,94,398,467,1924,4.1,18,110,1881,2023_09_LAC_NYJ,6
0,409,632,64.7,3957,6.3,9.7,24,8,204,43,89,431,1642,3.8,11,89,1797,355,313,522,60.0,2861,5.5,9.1,19,17,150,48,321,73,355,517,2108,4.1,14,111,1868,2023_09_LAC_NYJ,27
1,321,513,62.6,3096,6.0,9.6,19,15,169,50,80,534,2399,4.5,16,137,1978,416,309,481,64.2,2916,6.1,9.4,19,8,162,27,193,87,416,508,2081,4.1,25,122,1793,2023_10_CAR_CHI,16
0,350,586,59.7,2741,4.7,7.8,13,10,150,65,72,445,1769,4.0,7,111,1867,379,410,617,66.5,4043,6.6,9.9,31,22,196,30,202,87,379,388,1468,3.8,8,88,1682,2023_10_CAR_CHI,13
1,351,557,63.0,3069,5.5,8.7,16,21,153,48,71,415,1627,3.9,9,93,1683,415,370,568,65.1,3842,6.8,10.4,21,15,192,51,315,86,415,518,2105,4.1,22,123,1964,2023_10_IND_NE,6
0,355,574,61.8,3666,6.4,10.3,18,10,178,41,83,479,2059,4.3,19,113,1768,366,370,575,64.3,3543,6.2,9.6,19,10,181,36,248,85,366,480,1584,3.3,14,100,1977,2023_10_IND_NE,10
1,328,494,66.4,3635,7.4,11.1,27,7,180,41,100,541,2661,4.9,26,144,1873,362,307,535,57.4,2800,5.2,9.1,23,18,136,49,349,72,362,420,1793,4.3,15,87,1721,2023_10_CLE_BAL,31
0,355,624,56.9,3693,5.9,10.4,24,23,173,45,72,518,2017,3.9,15,121,1939,280,384,634,60.6,3263,5.1,8.5,18,18,175,60,454,72,280,415,1860,4.5,6,96,1767,2023_10_CLE_BAL,33
1,420,615,68.3,3895,6.3,9.3,27,14,208,50,91,383,1527,4.0,12,90,1917,353,382,565,67.6,3979,7.0,10.4,17,14,185,46,355,87,353,468,1643,3.5,19,110,1910,2023_10_HOU_CIN,27
0,372,592,62.8,4173,7.0,11.2,27,8,215,47,93,444,1647,3.7,10,84,1846,384,364,555,65.6,4223,7.6,11.6,23,17,201,44,257,89,384,456,2145,4.7,17,127,1857,2023_10_HOU_CIN,30
1,412,620,66.5,4126,6.7,10.0,22,14,199,41,88,453,1646,3.6,17,98,1915,298,410,621,66.0,3642,5.9,8.9,20,22,190,48,307,78,298,369,1525,4.1,10,97,1792,2023_10_SF_JAX,3
0,336,491,68.4,4384,8.9,13.0,33,12,207,34,109,499,2389,4.8,27,147,1868,371,404,617,65.5,4076,6.6,10.1,27,16,198,40,279,88,371,421,1752,4.2,15,99,1834,2023_10_SF_JAX,34
1,424,631,67.2,4359,6.9,10.3,30,19,220,47,90,393,1553,4.0,7,79,1756,327,333,558,59.7,3524,6.3,10.6,22,18,167,34,244,78,327,462,2038,4.4,10,100,1790,2023_10_NO_MIN,27
0,406,606,67.0,3990,6.6,9.8,28,11,199,35,93,480,1742,3.6,13,112,1870,362,426,606,70.3,3986,6.6,9.4,23,11,208,43,302,93,362,446,1678,3.8,14,104,1868,2023_10_NO_MIN,19
1,323,506,63.8,3163,6.3,9.8,13,9,153,36,82,487,2010,4.1,16,115,1839,350,342,523,65.4,3515,6.7,10.3,21,7,189,45,288,92,350,493,2181,4.4,15,120,1817,2023_10_GB_PIT,23
0,374,581,64.4,3968,6.8,10.6,32,11,211,30,95,441,1905,4.3,10,101,1843,324,348,573,60.7,3860,6.7,11.1,23,16,186,47,304,83,324,454,1956,4.3,9,95,1821,2023_10_GB_PIT,19
1,364,568,64.1,3812,6.7,10.5,28,10,188,40,93,439,1509,3.4,8,79,1765,367,387,571,67.8,3866,6.8,10.0,20,6,189,45,315,94,367,480,1831,3.8,10,103,1887,2023_10_TEN_TB,20
0,304,494,61.5,3067,6.2,10.1,14,11,158,64,79,444,1846,4.2,16,103,1852,325,404,611,66.1,4232,6.9,10.5,23,13,213,48,336,90,325,422,1620,3.8,11,101,1895,2023_10_TEN_TB,6
1,355,555,64.0,3144,5.7,8.9,18,12,173,42,81,471,2365,5.0,17,127,1758,373,340,549,61.9,3449,6.3,10.1,24,8,183,42,258,88,373,499,2009,4.0,11,105,1911,2023_10_ATL_ARI,25
0,327,530,61.7,3524,6.6,10.8,17,17,181,40,79,522,2159,4.1,14,121,1749,455,347,506,68.6,3613,7.1,10.4,32,11,198,33,233,101,455,521,2434,4.7,19,141,1902,2023_10_ATL_ARI,23
1,409,632,64.7,3957,6.3,9.7,24,8,204,43,89,431,1642,3.8,11,89,1797,395,371,588,63.1,4205,7.2,11.3,28,16,209,41,357,89,395,408,1509,3.7,15,91,1793,2023_10_DET_LAC,38
0,408,606,67.3,4401,7.3,10.8,30,12,228,31,97,500,2311,4.6,27,124,1882,398,389,598,65.1,4246,7.1,10.9,26,9,203,48,334,94,398,467,1924,4.1,18,110,1881,2023_10_DET_LAC,41
1,428,614,69.7,4397,7.2,10.3,36,10,229,40,103,468,1920,4.1,14,113,1968,407,371,582,63.7,3898,6.7,10.5,21,18,191,34,259,82,407,475,2251,4.7,24,134,1900,2023_10_NYG_DAL,49
0,338,518,65.3,2886,5.6,8.5,15,12,141,85,80,454,1874,4.1,10,97,1833,315,308,509,60.5,3185,6.3,10.3,21,17,166,46,296,78,315,459,1910,4.2,14,108,1692,2023_10_NYG_DAL,17
1,371,575,64.5,3910,6.8,10.5,23,12,189,38,89,382,1580,4.1,11,93,1674,518,396,598,66.2,4457,7.5,11.3,39,8,218,39,170,104,518,480,2155,4.5,15,121,1903,2023_10_WAS_SEA,29
0,407,636,64.0,3725,5.9,9.2,24,21,190,65,79,359,1592,4.4,15,99,1838,402,390,585,66.7,3961,6.8,10.2,21,11,202,47,298,90,402,515,2352,4.6,24,143,2001,2023_10_WAS_SEA,26
1,348,557,62.5,3380,6.1,9.7,20,18,182,40,78,413,1542,3.7,11,83,1774,355,313,522,60.0,2861,5.5,9.1,19,17,150,48,321,73,355,517,2108,4.1,14,111,1868,2023_10_NYJ_LV,16
0,356,601,59.2,2919,4.9,8.2,11,15,156,64,67,388,1647,4.2,7,77,1749,331,376,564,66.7,3610,6.4,9.6,21,13,187,46,290,87,331,479,2015,4.2,15,117,1886,2023_10_NYJ_LV,12
1,385,579,66.5,4154,7.2,10.8,29,18,199,24,91,512,2212,4.3,22,158,1922,413,382,572,66.8,3972,6.9,10.4,29,11,201,42,330,96,413,469,2331,5.0,15,119,1829,2023_10_DEN_BUF,22
0,337,513,65.7,3262,6.4,9.7,28,9,154,52,94,451,1810,4.0,8,116,1831,311,363,552,65.8,3342,6.1,9.2,18,18,183,54,334,79,311,409,1880,4.6,14,96,1708,2023_10_DEN_BUF,24
1,328,494,66.4,3635,7.4,11.1,27,7,180,41,100,541,2661,4.9,26,144,1873,384,364,555,65.6,4223,7.6,11.6,23,17,201,44,257,89,384,456,2145,4.7,17,127,1857,2023_11_CIN_BAL,34
0,420,615,68.3,3895,6.3,9.3,27,14,208,50,91,383,1527,4.0,12,90,1917,280,384,634,60.6,3263,5.1,8.5,18,18,175,60,454,72,280,415,1860,4.5,6,96,1767,2023_11_CIN_BAL,20
1,350,586,59.7,2741,4.7,7.8,13,10,150,65,72,445,1769,4.0,7,111,1867,315,308,509,60.5,3185,6.3,10.3,21,17,166,46,296,78,315,459,1910,4.2,14,108,1692,2023_11_DAL_CAR,10
0,428,614,69.7,4397,7.2,10.3,36,10,229,40,103,468,1920,4.1,14,113,1968,416,309,481,64.2,2916,6.1,9.4,19,8,162,27,193,87,416,508,2081,4.1,25,122,1793,2023_11_DAL_CAR,33
1,355,624,56.9,3693,5.9,10.4,24,23,173,45,72,518,2017,3.9,15,121,1939,324,348,573,60.7,3860,6.7,11.1,23,16,186,47,304,83,324,454,1956,4.3,9,95,1821,2023_11_PIT_CLE,13
0,323,506,63.8,3163,6.3,9.8,13,9,153,36,82,487,2010,4.1,16,115,1839,362,307,535,57.4,2800,5.2,9.1,23,18,136,49,349,72,362,420,1793,4.3,15,87,1721,2023_11_PIT_CLE,10
1,408,606,67.3,4401,7.3,10.8,30,12,228,31,97,500,2311,4.6,27,124,1882,379,410,617,66.5,4043,6.6,9.9,31,22,196,30,202,87,379,388,1468,3.8,8,88,1682,2023_11_CHI_DET,31
0,321,513,62.6,3096,6.0,9.6,19,15,169,50,80,534,2399,4.5,16,137,1978,395,371,588,63.1,4205,7.2,11.3,28,16,209,41,357,89,395,408,1509,3.7,15,91,1793,2023_11_CHI_DET,26
1,374,581,64.4,3968,6.8,10.6,32,11,211,30,95,441,1905,4.3,10,101,1843,398,389,598,65.1,4246,7.1,10.9,26,9,203,48,334,94,398,467,1924,4.1,18,110,1881,2023_11_LAC_GB,23
0,409,632,64.7,3957,6.3,9.7,24,8,204,43,89,431,1642,3.8,11,89,1797,350,342,523,65.4,3515,6.7,10.3,21,7,189,45,288,92,350,493,2181,4.4,15,120,1817,2023_11_LAC_GB,20
1,372,592,62.8,4173,7.0,11.2,27,8,215,47,93,444,1647,3.7,10,84,1846,455,347,506,68.6,3613,7.1,10.4,32,11,198,33,233,101,455,521,2434,4.7,19,141,1902,2023_11_ARI_HOU,21
0,355,555,64.0,3144,5.7,8.9,18,12,173,42,81,471,2365,5.0,17,127,1758,353,382,565,67.6,3979,7.0,10.4,17,14,185,46,355,87,353,468,1643,3.5,19,110,1910,2023_11_ARI_HOU,16
1,412,620,66.5,4126,6.7,10.0,22,14,199,41,88,453,1646,3.6,17,98,1915,367,387,571,67.8,3866,6.8,10.0,20,6,189,45,315,94,367,480,1831,3.8,10,103,1887,2023_11_TEN_JAX,34
0,304,494,61.5,3067,6.2,10.1,14,11,158,64,79,444,1846,4.2,16,103,1852,371,404,617,65.5,4076,6.6,10.1,27,16,198,40,279,88,371,421,1752,4.2,15,99,1834,2023_11_TEN_JAX,14
1,393,566,69.4,4514,8.0,11.5,30,15,223,31,100,456,2308,5.1,27,113,1810,331,376,564,66.7,3610,6.4,9.6,21,13,187,46,290,87,331,479,2015,4.2,15,117,1886,2023_11_LV_MIA,20
0,348,557,62.5,3380,6.1,9.7,20,18,182,40,78,413,1542,3.7,11,83,1774,391,380,568,66.9,3761,6.6,9.9,27,15,186,56,371,90,391,433,1650,3.8,15,109,1850,2023_11_LV_MIA,13
1,407,636,64.0,3725,5.9,9.2,24,21,190,65,79,359,1592,4.4,15,99,1838,407,371,582,63.7,3898,6.7,10.5,21,18,191,34,259,82,407,475,2251,4.7,24,134,1900,2023_11_NYG_WAS,19
0,338,518,65.3,2886,5.6,8.5,15,12,141,85,80,454,1874,4.1,10,97,1833,518,396,598,66.2,4457,7.5,11.3,39,8,218,39,170,104,518,480,2155,4.5,15,121,1903,2023_11_NYG_WAS,31
1,336,491,68.4,4384,8.9,13.0,33,12,207,34,109,499,2389,4.8,27,147,1868,325,404,611,66.1,4232,6.9,10.5,23,13,213,48,336,90,325,422,1620,3.8,11,101,1895,2023_11_TB_SF,27
0,364,568,64.1,3812,6.7,10.5,28,10,188,40,93,439,1509,3.4,8,79,1765,298,410,621,66.0,3642,5.9,8.9,20,22,190,48,307,78,298,369,1525,4.1,10,97,1792,2023_11_TB_SF,14
1,385,579,66.5,4154,7.2,10.8,29,18,199,24,91,512,2212,4.3,22,158,1922,355,313,522,60.0,2861,5.5,9.1,19,17,150,48,321,73,355,517,2108,4.1,14,111,1868,2023_11_NYJ_BUF,32
0,356,601,59.2,2919,4.9,8.2,11,15,156,64,67,388,1647,4.2,7,77,1749,311,363,552,65.8,3342,6.1,9.2,18,18,183,54,334,79,311,409,1880,4.6,14,96,1708,2023_11_NYJ_BUF,6
1,361,583,61.9,4063,7.0,11.3,26,13,206,34,88,477,2045,4.3,18,110,1908,402,390,585,66.7,3961,6.8,10.2,21,11,202,47,298,90,402,515,2352,4.6,24,143,2001,2023_11_SEA_LA,17
0,371,575,64.5,3910,6.8,10.5,23,12,189,38,89,382,1580,4.1,11,93,1674,377,367,604,60.8,3928,6.5,10.7,24,10,193,41,267,86,377,433,1816,4.2,14,108,1835,2023_11_SEA_LA,16
1,337,513,65.7,3262,6.4,9.7,28,9,154,52,94,451,1810,4.0,8,116,1831,362,426,606,70.3,3986,6.6,9.4,23,11,208,43,302,93,362,446,1678,3.8,14,104,1868,2023_11_MIN_DEN,21
0,424,631,67.2,4359,6.9,10.3,30,19,220,47,90,393,1553,4.0,7,79,1756,413,382,572,66.8,3972,6.9,10.4,29,11,201,42,330,96,413,469,2331,5.0,15,119,1829,2023_11_MIN_DEN,20
1,421,635,66.3,4188,6.6,9.9,28,17,216,28,88,417,1784,4.3,9,107,1828,428,425,652,65.2,4296,6.6,10.1,35,9,222,43,255,96,428,410,1758,4.3,14,111,1840,2023_11_PHI_KC,17
0,369,563,65.5,3834,6.8,10.4,24,16,197,39,87,510,2190,4.3,22,149,1868,294,340,556,61.2,3001,5.4,8.8,19,8,169,57,351,81,294,432,1925,4.5,10,107,1832,2023_11_PHI_KC,21
1,408,606,67.3,4401,7.3,10.8,30,12,228,31,97,500,2311,4.6,27,124,1882,350,342,523,65.4,3515,6.7,10.3,21,7,189,45,288,92,350,493,2181,4.4,15,120,1817,2023_12_GB_DET,22
0,374,581,64.4,3968,6.8,10.6,32,11,211,30,95,441,1905,4.3,10,101,1843,395,371,588,63.1,4205,7.2,11.3,28,16,209,41,357,89,395,408,1509,3.7,15,91,1793,2023_12_GB_DET,29
1,428,614,69.7,4397,7.2,10.3,36,10,229,40,103,468,1920,4.1,14,113,1968,518,396,598,66.2,4457,7.5,11.3,39,8,218,39,170,104,518,480,2155,4.5,15,121,1903,2023_12_WAS_DAL,45
0,407,636,64.0,3725,5.9,9.2,24,21,190,65,79,359,1592,4.4,15,99,1838,315,308,509,60.5,3185,6.3,10.3,21,17,166,46,296,78,315,459,1910,4.2,14,108,1692,2023_12_WAS_DAL,10
1,371,575,64.5,3910,6.8,10.5,23,12,189,38,89,382,1580,4.1,11,93,1674,298,410,621,66.0,3642,5.9,8.9,20,22,190,48,307,78,298,369,1525,4.1,10,97,1792,2023_12_SF_SEA,13
0,336,491,68.4,4384,8.9,13.0,33,12,207,34,109,499,2389,4.8,27,147,1868,402,390,585,66.7,3961,6.8,10.2,21,11,202,47,298,90,402,515,2352,4.6,24,143,2001,2023_12_SF_SEA,31
1,356,601,59.2,2919,4.9,8.2,11,15,156,64,67,388,1647,4.2,7,77,1749,391,380,568,66.9,3761,6.6,9.9,27,15,186,56,371,90,391,433,1650,3.8,15,109,1850,2023_12_MIA_NYJ,13
0,393,566,69.4,4514,8.0,11.5,30,15,223,31,100,456,2308,5.1,27,113,1810,355,313,522,60.0,2861,5.5,9.1,19,17,150,48,321,73,355,517,2108,4.1,14,111,1868,2023_12_MIA_NYJ,34
1,327,530,61.7,3524,6.6,10.8,17,17,181,40,79,522,2159,4.1,14,121,1749,327,333,558,59.7,3524,6.3,10.6,22,18,167,34,244,78,327,462,2038,4.4,10,100,1790,2023_12_NO_ATL,24
0,406,606,67.0,3990,6.6,9.8,28,11,199,35,93,480,1742,3.6,13,112,1870,373,340,549,61.9,3449,6.3,10.1,24,8,183,42,258,88,373,499,2009,4.0,11,105,1911,2023_12_NO_ATL,15
1,420,615,68.3,3895,6.3,9.3,27,14,208,50,91,383,1527,4.0,12,90,1917,324,348,573,60.7,3860,6.7,11.1,23,16,186,47,304,83,324,454,1956,4.3,9,95,1821,2023_12_PIT_CIN,10
0,323,506,63.8,3163,6.3,9.8,13,9,153,36,82,487,2010,4.1,16,115,1839,384,364,555,65.6,4223,7.6,11.6,23,17,201,44,257,89,384,456,2145,4.7,17,127,1857,2023_12_PIT_CIN,16
1,372,592,62.8,4173,7.0,11.2,27,8,215,47,93,444,1647,3.7,10,84,1846,371,404,617,65.5,4076,6.6,10.1,27,16,198,40,279,88,371,421,1752,4.2,15,99,1834,2023_12_JAX_HOU,21
0,412,620,66.5,4126,6.7,10.0,22,14,199,41,88,453,1646,3.6,17,98,1915,353,382,565,67.6,3979,7.0,10.4,17,14,185,46,355,87,353,468,1643,3.5,19,110,1910,2023_12_JAX_HOU,24
1,355,574,61.8,3666,6.4,10.3,18,10,178,41,83,479,2059,4.3,19,113,1768,325,404,611,66.1,4232,6.9,10.5,23,13,213,48,336,90,325,422,1620,3.8,11,101,1895,2023_12_TB_IND,27
0,364,568,64.1,3812,6.7,10.5,28,10,188,40,93,439,1509,3.4,8,79,1765,415,370,568,65.1,3842,6.8,10.4,21,15,192,51,315,86,415,518,2105,4.1,22,123,1964,2023_12_TB_IND,20
1,338,518,65.3,2886,5.6,8.5,15,12,141,85,80,454,1874,4.1,10,97,1833,366,370,575,64.3,3543,6.2,9.6,19,10,181,36,248,85,366,480,1584,3.3,14,100,1977,2023_12_NE_NYG,10
0,351,557,63.0,3069,5.5,8.7,16,21,153,48,71,415,1627,3.9,9,93,1683,407,371,582,63.7,3898,6.7,10.5,21,18,191,34,259,82,407,475,2251,4.7,24,134,1900,2023_12_NE_NYG,7
1,304,494,61.5,3067,6.2,10.1,14,11,158,64,79,444,1846,4.2,16,103,1852,416,309,481,64.2,2916,6.1,9.4,19,8,162,27,193,87,416,508,2081,4.1,25,122,1793,2023_12_CAR_TEN,17
0,350,586,59.7,2741,4.7,7.8,13,10,150,65,72,445,1769,4.0,7,111,1867,367,387,571,67.8,3866,6.8,10.0,20,6,189,45,315,94,367,480,1831,3.8,10,103,1887,2023_12_CAR_TEN,10
1,355,555,64.0,3144,5.7,8.9,18,12,173,42,81,471,2365,5.0,17,127,1758,377,367,604,60.8,3928,6.5,10.7,24,10,193,41,267,86,377,433,1816,4.2,14,108,1835,2023_12_LA_ARI,14
0,361,583,61.9,4063,7.0,11.3,26,13,206,34,88,477,2045,4.3,18,110,1908,455,347,506,68.6,3613,7.1,10.4,32,11,198,33,233,101,455,521,2434,4.7,19,141,1902,2023_12_LA_ARI,37
1,337,513,65.7,3262,6.4,9.7,28,9,154,52,94,451,1810,4.0,8,116,1831,362,307,535,57.4,2800,5.2,9.1,23,18,136,49,349,72,362,420,1793,4.3,15,87,1721,2023_12_CLE_DEN,29
0,355,624,56.9,3693,5.9,10.4,24,23,173,45,72,518,2017,3.9,15,121,1939,413,382,572,66.8,3972,6.9,10.4,29,11,201,42,330,96,413,469,2331,5.0,15,119,1829,2023_12_CLE_DEN,12
1,348,557,62.5,3380,6.1,9.7,20,18,182,40,78,413,1542,3.7,11,83,1774,294,340,556,61.2,3001,5.4,8.8,19,8,169,57,351,81,294,432,1925,4.5,10,107,1832,2023_12_KC_LV,17
0,421,635,66.3,4188,6.6,9.9,28,17,216,28,88,417,1784,4.3,9,107,1828,331,376,564,66.7,3610,6.4,9.6,21,13,187,46,290,87,331,479,2015,4.2,15,117,1886,2023_12_KC_LV,31
1,369,563,65.5,3834,6.8,10.4,24,16,197,39,87,510,2190,4.3,22,149,1868,311,363,552,65.8,3342,6.1,9.2,18,18,183,54,334,79,311,409,1880,4.6,14,96,1708,2023_12_BUF_PHI,37
0,385,579,66.5,4154,7.2,10.8,29,18,199,24,91,512,2212,4.3,22,158,1922,428,425,652,65.2,4296,6.6,10.1,35,9,222,43,255,96,428,410,1758,4.3,14,111,1840,2023_12_BUF_PHI,34
1,409,632,64.7,3957,6.3,9.7,24,8,204,43,89,431,1642,3.8,11,89,1797,280,384,634,60.6,3263,5.1,8.5,18,18,175,60,454,72,280,415,1860,4.5,6,96,1767,2023_12_BAL_LAC,10
0,328,494,66.4,3635,7.4,11.1,27,7,180,41,100,541,2661,4.9,26,144,1873,398,389,598,65.1,4246,7.1,10.9,26,9,203,48,334,94,398,467,1924,4.1,18,110,1881,2023_12_BAL_LAC,20
1,424,631,67.2,4359,6.9,10.3,30,19,220,47,90,393,1553,4.0,7,79,1756,379,410,617,66.5,4043,6.6,9.9,31,22,196,30,202,87,379,388,1468,3.8,8,88,1682,2023_12_CHI_MIN,10
0,321,513,62.6,3096,6.0,9.6,19,15,169,50,80,534,2399,4.5,16,137,1978,362,426,606,70.3,3986,6.6,9.4,23,11,208,43,302,93,362,446,1678,3.8,14,104,1868,2023_12_CHI_MIN,12
1,428,614,69.7,4397,7.2,10.3,36,10,229,40,103,468,1920,4.1,14,113,1968,402,390,585,66.7,3961,6.8,10.2,21,11,202,47,298,90,402,515,2352,4.6,24,143,2001,2023_13_SEA_DAL,41
0,371,575,64.5,3910,6.8,10.5,23,12,189,38,89,382,1580,4.1,11,93,1674,315,308,509,60.5,3185,6.3,10.3,21,17,166,46,296,78,315,459,1910,4.2,14,108,1692,2023_13_SEA_DAL,35
1,372,592,62.8,4173,7.0,11.2,27,8,215,47,93,444,1647,3.7,10,84,1846,413,382,572,66.8,3972,6.9,10.4,29,11,201,42,330,96,413,469,2331,5.0,15,119,1829,2023_13_DEN_HOU,22
0,337,513,65.7,3262,6.4,9.7,28,9,154,52,94,451,1810,4.0,8,116,1831,353,382,565,67.6,3979,7.0,10.4,17,14,185,46,355,87,353,468,1643,3.5,19,110,1910,2023_13_DEN_HOU,17
1,351,557,63.0,3069,5.5,8.7,16,21,153,48,71,415,1627,3.9,9,93,1683,398,389,598,65.1,4246,7.1,10.9,26,9,203,48,334,94,398,467,1924,4.1,18,110,1881,2023_13_LAC_NE,0
0,409,632,64.7,3957,6.3,9.7,24,8,204,43,89,431,1642,3.8,11,89,1797,366,370,575,64.3,3543,6.2,9.6,19,10,181,36,248,85,366,480,1584,3.3,14,100,1977,2023_13_LAC_NE,6
1,406,606,67.0,3990,6.6,9.8,28,11,199,35,93,480,1742,3.6,13,112,1870,395,371,588,63.1,4205,7.2,11.3,28,16,209,41,357,89,395,408,1509,3.7,15,91,1793,2023_13_DET_NO,28
0,408,606,67.3,4401,7.3,10.8,30,12,228,31,97,500,2311,4.6,27,124,1882,327,333,558,59.7,3524,6.3,10.6,22,18,167,34,244,78,327,462,2038,4.4,10,100,1790,2023_13_DET_NO,33
1,356,601,59.2,2919,4.9,8.2,11,15,156,64,67,388,1647,4.2,7,77,1749,373,340,549,61.9,3449,6.3,10.1,24,8,183,42,258,88,373,499,2009,4.0,11,105,1911,2023_13_ATL_NYJ,8
0,327,530,61.7,3524,6.6,10.8,17,17,181,40,79,522,2159,4.1,14,121,1749,355,313,522,60.0,2861,5.5,9.1,19,17,150,48,321,73,355,517,2108,4.1,14,111,1868,2023_13_ATL_NYJ,13
1,323,506,63.8,3163,6.3,9.8,13,9,153,36,82,487,2010,4.1,16,115,1839,455,347,506,68.6,3613,7.1,10.4,32,11,198,33,233,101,455,521,2434,4.7,19,141,1902,2023_13_ARI_PIT,10
0,355,555,64.0,3144,5.7,8.9,18,12,173,42,81,471,2365,5.0,17,127,1758,324,348,573,60.7,3860,6.7,11.1,23,16,186,47,304,83,324,454,1956,4.3,9,95,1821,2023_13_ARI_PIT,24
1,304,494,61.5,3067,6.2,10.1,14,11,158,64,79,444,1846,4.2,16,103,1852,415,370,568,65.1,3842,6.8,10.4,21,15,192,51,315,86,415,518,2105,4.1,22,123,1964,2023_13_IND_TEN,28
0,355,574,61.8,3666,6.4,10.3,18,10,178,41,83,479,2059,4.3,19,113,1768,367,387,571,67.8,3866,6.8,10.0,20,6,189,45,315,94,367,480,1831,3.8,10,103,1887,2023_13_IND_TEN,31
1,407,636,64.0,3725,5.9,9.2,24,21,190,65,79,359,1592,4.4,15,99,1838,391,380,568,66.9,3761,6.6,9.9,27,15,186,56,371,90,391,433,1650,3.8,15,109,1850,2023_13_MIA_WAS,15
0,393,566,69.4,4514,8.0,11.5,30,15,223,31,100,456,2308,5.1,27,113,1810,518,396,598,66.2,4457,7.5,11.3,39,8,218,39,170,104,518,480,2155,4.5,15,121,1903,2023_13_MIA_WAS,45
1,364,568,64.1,3812,6.7,10.5,28,10,188,40,93,439,1509,3.4,8,79,1765,416,309,481,64.2,2916,6.1,9.4,19,8,162,27,193,87,416,508,2081,4.1,25,122,1793,2023_13_CAR_TB,21
0,350,586,59.7,2741,4.7,7.8,13,10,150,65,72,445,1769,4.0,7,111,1867,325,404,611,66.1,4232,6.9,10.5,23,13,213,48,336,90,325,422,1620,3.8,11,101,1895,2023_13_CAR_TB,18
1,361,583,61.9,4063,7.0,11.3,26,13,206,34,88,477,2045,4.3,18,110,1908,362,307,535,57.4,2800,5.2,9.1,23,18,136,49,349,72,362,420,1793,4.3,15,87,1721,2023_13_CLE_LA,36
0,355,624,56.9,3693,5.9,10.4,24,23,173,45,72,518,2017,3.9,15,121,1939,377,367,604,60.8,3928,6.5,10.7,24,10,193,41,267,86,377,433,1816,4.2,14,108,1835,2023_13_CLE_LA,19
1,369,563,65.5,3834,6.8,10.4,24,16,197,39,87,510,2190,4.3,22,149,1868,298,410,621,66.0,3642,5.9,8.9,20,22,190,48,307,78,298,369,1525,4.1,10,97,1792,2023_13_SF_PHI,19
0,336,491,68.4,4384,8.9,13.0,33,12,207,34,109,499,2389,4.8,27,147,1868,428,425,652,65.2,4296,6.6,10.1,35,9,222,43,255,96,428,410,1758,4.3,14,111,1840,2023_13_SF_PHI,42
1,374,581,64.4,3968,6.8,10.6,32,11,211,30,95,441,1905,4.3,10,101,1843,294,340,556,61.2,3001,5.4,8.8,19,8,169,57,351,81,294,432,1925,4.5,10,107,1832,2023_13_KC_GB,27
0,421,635,66.3,4188,6.6,9.9,28,17,216,28,88,417,1784,4.3,9,107,1828,350,342,523,65.4,3515,6.7,10.3,21,7,189,45,288,92,350,493,2181,4.4,15,120,1817,2023_13_KC_GB,19
1,412,620,66.5,4126,6.7,10.0,22,14,199,41,88,453,1646,3.6,17,98,1915,384,364,555,65.6,4223,7.6,11.6,23,17,201,44,257,89,384,456,2145,4.7,17,127,1857,2023_13_CIN_JAX,31
0,420,615,68.3,3895,6.3,9.3,27,14,208,50,91,383,1527,4.0,12,90,1917,371,404,617,65.5,4076,6.6,10.1,27,16,198,40,279,88,371,421,1752,4.2,15,99,1834,2023_13_CIN_JAX,34
1,323,506,63.8,3163,6.3,9.8,13,9,153,36,82,487,2010,4.1,16,115,1839,366,370,575,64.3,3543,6.2,9.6,19,10,181,36,248,85,366,480,1584,3.3,14,100,1977,2023_14_NE_PIT,18
0,351,557,63.0,3069,5.5,8.7,16,21,153,48,71,415,1627,3.9,9,93,1683,324,348,573,60.7,3860,6.7,11.1,23,16,186,47,304,83,324,454,1956,4.3,9,95,1821,2023_14_NE_PIT,21
1,327,530,61.7,3524,6.6,10.8,17,17,181,40,79,522,2159,4.1,14,121,1749,325,404,611,66.1,4232,6.9,10.5,23,13,213,48,336,90,325,422,1620,3.8,11,101,1895,2023_14_TB_ATL,25
0,364,568,64.1,3812,6.7,10.5,28,10,188,40,93,439,1509,3.4,8,79,1765,373,340,549,61.9,3449,6.3,10.1,24,8,183,42,258,88,373,499,2009,4.0,11,105,1911,2023_14_TB_ATL,29
1,328,494,66.4,3635,7.4,11.1,27,7,180,41,100,541,2661,4.9,26,144,1873,377,367,604,60.8,3928,6.5,10.7,24,10,193,41,267,86,377,433,1816,4.2,14,108,1835,2023_14_LA_BAL,37
0,361,583,61.9,4063,7.0,11.3,26,13,206,34,88,477,2045,4.3,18,110,1908,280,384,634,60.6,3263,5.1,8.5,18,18,175,60,454,72,280,415,1860,4.5,6,96,1767,2023_14_LA_BAL,31
1,321,513,62.6,3096,6.0,9.6,19,15,169,50,80,534,2399,4.5,16,137,1978,395,371,588,63.1,4205,7.2,11.3,28,16,209,41,357,89,395,408,1509,3.7,15,91,1793,2023_14_DET_CHI,28
0,408,606,67.3,4401,7.3,10.8,30,12,228,31,97,500,2311,4.6,27,124,1882,379,410,617,66.5,4043,6.6,9.9,31,22,196,30,202,87,379,388,1468,3.8,8,88,1682,2023_14_DET_CHI,13
1,420,615,68.3,3895,6.3,9.3,27,14,208,50,91,383,1527,4.0,12,90,1917,415,370,568,65.1,3842,6.8,10.4,21,15,192,51,315,86,415,518,2105,4.1,22,123,1964,2023_14_IND_CIN,34
0,355,574,61.8,3666,6.4,10.3,18,10,178,41,83,479,2059,4.3,19,113,1768,384,364,555,65.6,4223,7.6,11.6,23,17,201,44,257,89,384,456,2145,4.7,17,127,1857,2023_14_IND_CIN,14
1,355,624,56.9,3693,5.9,10.4,24,23,173,45,72,518,2017,3.9,15,121,1939,371,404,617,65.5,4076,6.6,10.1,27,16,198,40,279,88,371,421,1752,4.2,15,99,1834,2023_14_JAX_CLE,31
0,412,620,66.5,4126,6.7,10.0,22,14,199,41,88,453,1646,3.6,17,98,1915,362,307,535,57.4,2800,5.2,9.1,23,18,136,49,349,72,362,420,1793,4.3,15,87,1721,2023_14_JAX_CLE,27
1,406,606,67.0,3990,6.6,9.8,28,11,199,35,93,480,1742,3.6,13,112,1870,416,309,481,64.2,2916,6.1,9.4,19,8,162,27,193,87,416,508,2081,4.1,25,122,1793,2023_14_CAR_NO,28
0,350,586,59.7,2741,4.7,7.8,13,10,150,65,72,445,1769,4.0,7,111,1867,327,333,558,59.7,3524,6.3,10.6,22,18,167,34,244,78,327,462,2038,4.4,10,100,1790,2023_14_CAR_NO,6
1,356,601,59.2,2919,4.9,8.2,11,15,156,64,67,388,1647,4.2,7,77,1749,353,382,565,67.6,3979,7.0,10.4,17,14,185,46,355,87,353,468,1643,3.5,19,110,1910,2023_14_HOU_NYJ,30
0,372,592,62.8,4173,7.0,11.2,27,8,215,47,93,444,1647,3.7,10,84,1846,355,313,522,60.0,2861,5.5,9.1,19,17,150,48,321,73,355,517,2108,4.1,14,111,1868,2023_14_HOU_NYJ,6
1,348,557,62.5,3380,6.1,9.7,20,18,182,40,78,413,1542,3.7,11,83,1774,362,426,606,70.3,3986,6.6,9.4,23,11,208,43,302,93,362,446,1678,3.8,14,104,1868,2023_14_MIN_LV,0
0,424,631,67.2,4359,6.9,10.3,30,19,220,47,90,393,1553,4.0,7,79,1756,331,376,564,66.7,3610,6.4,9.6,21,13,187,46,290,87,331,479,2015,4.2,15,117,1886,2023_14_MIN_LV,3
1,336,491,68.4,4384,8.9,13.0,33,12,207,34,109,499,2389,4.8,27,147,1868,402,390,585,66.7,3961,6.8,10.2,21,11,202,47,298,90,402,515,2352,4.6,24,143,2001,2023_14_SEA_SF,28
0,371,575,64.5,3910,6.8,10.5,23,12,189,38,89,382,1580,4.1,11,93,1674,298,410,621,66.0,3642,5.9,8.9,20,22,190,48,307,78,298,369,1525,4.1,10,97,1792,2023_14_SEA_SF,16
1,421,635,66.3,4188,6.6,9.9,28,17,216,28,88,417,1784,4.3,9,107,1828,311,363,552,65.8,3342,6.1,9.2,18,18,183,54,334,79,311,409,1880,4.6,14,96,1708,2023_14_BUF_KC,17
0,385,579,66.5,4154,7.2,10.8,29,18,199,24,91,512,2212,4.3,22,158,1922,294,340,556,61.2,3001,5.4,8.8,19,8,169,57,351,81,294,432,1925,4.5,10,107,1832,2023_14_BUF_KC,20
1,409,632,64.7,3957,6.3,9.7,24,8,204,43,89,431,1642,3.8,11,89,1797,413,382,572,66.8,3972,6.9,10.4,29,11,201,42,330,96,413,469,2331,5.0,15,119,1829,2023_14_DEN_LAC,7
0,337,513,65.7,3262,6.4,9.7,28,9,154,52,94,451,1810,4.0,8,116,1831,398,389,598,65.1,4246,7.1,10.9,26,9,203,48,334,94,398,467,1924,4.1,18,110,1881,2023_14_DEN_LAC,24
1,428,614,69.7,4397,7.2,10.3,36,10,229,40,103,468,1920,4.1,14,113,1968,428,425,652,65.2,4296,6.6,10.1,35,9,222,43,255,96,428,410,1758,4.3,14,111,1840,2023_14_PHI_DAL,33
0,369,563,65.5,3834,6.8,10.4,24,16,197,39,87,510,2190,4.3,22,149,1868,315,308,509,60.5,3185,6.3,10.3,21,17,166,46,296,78,315,459,1910,4.2,14,108,1692,2023_14_PHI_DAL,13
1,393,566,69.4,4514,8.0,11.5,30,15,223,31,100,456,2308,5.1,27,113,1810,367,387,571,67.8,3866,6.8,10.0,20,6,189,45,315,94,367,480,1831,3.8,10,103,1887,2023_14_TEN_MIA,27
0,304,494,61.5,3067,6.2,10.1,14,11,158,64,79,444,1846,4.2,16,103,1852,391,380,568,66.9,3761,6.6,9.9,27,15,186,56,371,90,391,433,1650,3.8,15,109,1850,2023_14_TEN_MIA,28
1,338,518,65.3,2886,5.6,8.5,15,12,141,85,80,454,1874,4.1,10,97,1833,350,342,523,65.4,3515,6.7,10.3,21,7,189,45,288,92,350,493,2181,4.4,15,120,1817,2023_14_GB_NYG,24
0,374,581,64.4,3968,6.8,10.6,32,11,211,30,95,441,1905,4.3,10,101,1843,407,371,582,63.7,3898,6.7,10.5,21,18,191,34,259,82,407,475,2251,4.7,24,134,1900,2023_14_GB_NYG,22
1,348,557,62.5,3380,6.1,9.7,20,18,182,40,78,413,1542,3.7,11,83,1774,398,389,598,65.1,4246,7.1,10.9,26,9,203,48,334,94,398,467,1924,4.1,18,110,1881,2023_15_LAC_LV,63
0,409,632,64.7,3957,6.3,9.7,24,8,204,43,89,431,1642,3.8,11,89,1797,331,376,564,66.7,3610,6.4,9.6,21,13,187,46,290,87,331,479,2015,4.2,15,117,1886,2023_15_LAC_LV,21
1,420,615,68.3,3895,6.3,9.3,27,14,208,50,91,383,1527,4.0,12,90,1917,362,426,606,70.3,3986,6.6,9.4,23,11,208,43,302,93,362,446,1678,3.8,14,104,1868,2023_15_MIN_CIN,27
0,424,631,67.2,4359,6.9,10.3,30,19,220,47,90,393,1553,4.0,7,79,1756,384,364,555,65.6,4223,7.6,11.6,23,17,201,44,257,89,384,456,2145,4.7,17,127,1857,2023_15_MIN_CIN,24
1,355,574,61.8,3666,6.4,10.3,18,10,178,41,83,479,2059,4.3,19,113,1768,324,348,573,60.7,3860,6.7,11.1,23,16,186,47,304,83,324,454,1956,4.3,9,95,1821,2023_15_PIT_IND,30
0,323,506,63.8,3163,6.3,9.8,13,9,153,36,82,487,2010,4.1,16,115,1839,415,370,568,65.1,3842,6.8,10.4,21,15,192,51,315,86,415,518,2105,4.1,22,123,1964,2023_15_PIT_IND,13
1,408,606,67.3,4401,7.3,10.8,30,12,228,31,97,500,2311,4.6,27,124,1882,413,382,572,66.8,3972,6.9,10.4,29,11,201,42,330,96,413,469,2331,5.0,15,119,1829,2023_15_DEN_DET,42
0,337,513,65.7,3262,6.4,9.7,28,9,154,52,94,451,1810,4.0,8,116,1831,395,371,588,63.1,4205,7.2,11.3,28,16,209,41,357,89,395,408,1509,3.7,15,91,1793,2023_15_DEN_DET,17
1,350,586,59.7,2741,4.7,7.8,13,10,150,65,72,445,1769,4.0,7,111,1867,373,340,549,61.9,3449,6.3,10.1,24,8,183,42,258,88,373,499,2009,4.0,11,105,1911,2023_15_ATL_CAR,9
0,327,530,61.7,3524,6.6,10.8,17,17,181,40,79,522,2159,4.1,14,121,1749,416,309,481,64.2,2916,6.1,9.4,19,8,162,27,193,87,416,508,2081,4.1,25,122,1793,2023_15_ATL_CAR,7
1,355,624,56.9,3693,5.9,10.4,24,23,173,45,72,518,2017,3.9,15,121,1939,379,410,617,66.5,4043,6.6,9.9,31,22,196,30,202,87,379,388,1468,3.8,8,88,1682,2023_15_CHI_CLE,20
0,321,513,62.6,3096,6.0,9.6,19,15,169,50,80,534,2399,4.5,16,137,1978,362,307,535,57.4,2800,5.2,9.1,23,18,136,49,349,72,362,420,1793,4.3,15,87,1721,2023_15_CHI_CLE,17
1,374,581,64.4,3968,6.8,10.6,32,11,211,30,95,441,1905,4.3,10,101,1843,325,404,611,66.1,4232,6.9,10.5,23,13,213,48,336,90,325,422,1620,3.8,11,101,1895,2023_15_TB_GB,20
0,364,568,64.1,3812,6.7,10.5,28,10,188,40,93,439,1509,3.4,8,79,1765,350,342,523,65.4,3515,6.7,10.3,21,7,189,45,288,92,350,493,2181,4.4,15,120,1817,2023_15_TB_GB,34
1,393,566,69.4,4514,8.0,11.5,30,15,223,31,100,456,2308,5.1,27,113,1810,355,313,522,60.0,2861,5.5,9.1,19,17,150,48,321,73,355,517,2108,4.1,14,111,1868,2023_15_NYJ_MIA,30
0,356,601,59.2,2919,4.9,8.2,11,15,156,64,67,388,1647,4.2,7,77,1749,391,380,568,66.9,3761,6.6,9.9,27,15,186,56,371,90,391,433,1650,3.8,15,109,1850,2023_15_NYJ_MIA,0
1,351,557,63.0,3069,5.5,8.7,16,21,153,48,71,415,1627,3.9,9,93,1683,294,340,556,61.2,3001,5.4,8.8,19,8,169,57,351,81,294,432,1925,4.5,10,107,1832,2023_15_KC_NE,17
0,421,635,66.3,4188,6.6,9.9,28,17,216,28,88,417,1784,4.3,9,107,1828,366,370,575,64.3,3543,6.2,9.6,19,10,181,36,248,85,366,480,1584,3.3,14,100,1977,2023_15_KC_NE,27
1,406,606,67.0,3990,6.6,9.8,28,11,199,35,93,480,1742,3.6,13,112,1870,407,371,582,63.7,3898,6.7,10.5,21,18,191,34,259,82,407,475,2251,4.7,24,134,1900,2023_15_NYG_NO,24
0,338,518,65.3,2886,5.6,8.5,15,12,141,85,80,454,1874,4.1,10,97,1833,327,333,558,59.7,3524,6.3,10.6,22,18,167,34,244,78,327,462,2038,4.4,10,100,1790,2023_15_NYG_NO,6
1,304,494,61.5,3067,6.2,10.1,14,11,158,64,79,444,1846,4.2,16,103,1852,353,382,565,67.6,3979,7.0,10.4,17,14,185,46,355,87,353,468,1643,3.5,19,110,1910,2023_15_HOU_TEN,16
0,372,592,62.8,4173,7.0,11.2,27,8,215,47,93,444,1647,3.7,10,84,1846,367,387,571,67.8,3866,6.8,10.0,20,6,189,45,315,94,367,480,1831,3.8,10,103,1887,2023_15_HOU_TEN,19
1,355,555,64.0,3144,5.7,8.9,18,12,173,42,81,471,2365,5.0,17,127,1758,298,410,621,66.0,3642,5.9,8.9,20,22,190,48,307,78,298,369,1525,4.1,10,97,1792,2023_15_SF_ARI,29
0,336,491,68.4,4384,8.9,13.0,33,12,207,34,109,499,2389,4.8,27,147,1868,455,347,506,68.6,3613,7.1,10.4,32,11,198,33,233,101,455,521,2434,4.7,19,141,1902,2023_15_SF_ARI,45
1,361,583,61.9,4063,7.0,11.3,26,13,206,34,88,477,2045,4.3,18,110,1908,518,396,598,66.2,4457,7.5,11.3,39,8,218,39,170,104,518,480,2155,4.5,15,121,1903,2023_15_WAS_LA,28
0,407,636,64.0,3725,5.9,9.2,24,21,190,65,79,359,1592,4.4,15,99,1838,377,367,604,60.8,3928,6.5,10.7,24,10,193,41,267,86,377,433,1816,4.2,14,108,1835,2023_15_WAS_LA,20
1,385,579,66.5,4154,7.2,10.8,29,18,199,24,91,512,2212,4.3,22,158,1922,315,308,509,60.5,3185,6.3,10.3,21,17,166,46,296,78,315,459,1910,4.2,14,108,1692,2023_15_DAL_BUF,31
0,428,614,69.7,4397,7.2,10.3,36,10,229,40,103,468,1920,4.1,14,113,1968,311,363,552,65.8,3342,6.1,9.2,18,18,183,54,334,79,311,409,1880,4.6,14,96,1708,2023_15_DAL_BUF,10
1,412,620,66.5,4126,6.7,10.0,22,14,199,41,88,453,1646,3.6,17,98,1915,280,384,634,60.6,3263,5.1,8.5,18,18,175,60,454,72,280,415,1860,4.5,6,96,1767,2023_15_BAL_JAX,7
0,328,494,66.4,3635,7.4,11.1,27,7,180,41,100,541,2661,4.9,26,144,1873,371,404,617,65.5,4076,6.6,10.1,27,16,198,40,279,88,371,421,1752,4.2,15,99,1834,2023_15_BAL_JAX,23
1,371,575,64.5,3910,6.8,10.5,23,12,189,38,89,382,1580,4.1,11,93,1674,428,425,652,65.2,4296,6.6,10.1,35,9,222,43,255,96,428,410,1758,4.3,14,111,1840,2023_15_PHI_SEA,20
0,369,563,65.5,3834,6.8,10.4,24,16,197,39,87,510,2190,4.3,22,149,1868,402,390,585,66.7,3961,6.8,10.2,21,11,202,47,298,90,402,515,2352,4.6,24,143,2001,2023_15_PHI_SEA,17
1,361,583,61.9,4063,7.0,11.3,26,13,206,34,88,477,2045,4.3,18,110,1908,327,333,558,59.7,3524,6.3,10.6,22,18,167,34,244,78,327,462,2038,4.4,10,100,1790,2023_16_NO_LA,30
0,406,606,67.0,3990,6.6,9.8,28,11,199,35,93,480,1742,3.6,13,112,1870,377,367,604,60.8,3928,6.5,10.7,24,10,193,41,267,86,377,433,1816,4.2,14,108,1835,2023_16_NO_LA,22
1,323,506,63.8,3163,6.3,9.8,13,9,153,36,82,487,2010,4.1,16,115,1839,384,364,555,65.6,4223,7.6,11.6,23,17,201,44,257,89,384,456,2145,4.7,17,127,1857,2023_16_CIN_PIT,34
0,420,615,68.3,3895,6.3,9.3,27,14,208,50,91,383,1527,4.0,12,90,1917,324,348,573,60.7,3860,6.7,11.1,23,16,186,47,304,83,324,454,1956,4.3,9,95,1821,2023_16_CIN_PIT,11
1,409,632,64.7,3957,6.3,9.7,24,8,204,43,89,431,1642,3.8,11,89,1797,311,363,552,65.8,3342,6.1,9.2,18,18,183,54,334,79,311,409,1880,4.6,14,96,1708,2023_16_BUF_LAC,22
0,385,579,66.5,4154,7.2,10.8,29,18,199,24,91,512,2212,4.3,22,158,1922,398,389,598,65.1,4246,7.1,10.9,26,9,203,48,334,94,398,467,1924,4.1,18,110,1881,2023_16_BUF_LAC,24
1,327,530,61.7,3524,6.6,10.8,17,17,181,40,79,522,2159,4.1,14,121,1749,415,370,568,65.1,3842,6.8,10.4,21,15,192,51,315,86,415,518,2105,4.1,22,123,1964,2023_16_IND_ATL,29
0,355,574,61.8,3666,6.4,10.3,18,10,178,41,83,479,2059,4.3,19,113,1768,373,340,549,61.9,3449,6.3,10.1,24,8,183,42,258,88,373,499,2009,4.0,11,105,1911,2023_16_IND_ATL,10
1,350,586,59.7,2741,4.7,7.8,13,10,150,65,72,445,1769,4.0,7,111,1867,350,342,523,65.4,3515,6.7,10.3,21,7,189,45,288,92,350,493,2181,4.4,15,120,1817,2023_16_GB_CAR,30
0,374,581,64.4,3968,6.8,10.6,32,11,211,30,95,441,1905,4.3,10,101,1843,416,309,481,64.2,2916,6.1,9.4,19,8,162,27,193,87,416,508,2081,4.1,25,122,1793,2023_16_GB_CAR,33
1,372,592,62.8,4173,7.0,11.2,27,8,215,47,93,444,1647,3.7,10,84,1846,362,307,535,57.4,2800,5.2,9.1,23,18,136,49,349,72,362,420,1793,4.3,15,87,1721,2023_16_CLE_HOU,22
0,355,624,56.9,3693,5.9,10.4,24,23,173,45,72,518,2017,3.9,15,121,1939,353,382,565,67.6,3979,7.0,10.4,17,14,185,46,355,87,353,468,1643,3.5,19,110,1910,2023_16_CLE_HOU,36
1,424,631,67.2,4359,6.9,10.3,30,19,220,47,90,393,1553,4.0,7,79,1756,395,371,588,63.1,4205,7.2,11.3,28,16,209,41,357,89,395,408,1509,3.7,15,91,1793,2023_16_DET_MIN,24
0,408,606,67.3,4401,7.3,10.8,30,12,228,31,97,500,2311,4.6,27,124,1882,362,426,606,70.3,3986,6.6,9.4,23,11,208,43,302,93,362,446,1678,3.8,14,104,1868,2023_16_DET_MIN,30
1,356,601,59.2,2919,4.9,8.2,11,15,156,64,67,388,1647,4.2,7,77,1749,518,396,598,66.2,4457,7.5,11.3,39,8,218,39,170,104,518,480,2155,4.5,15,121,1903,2023_16_WAS_NYJ,30
0,407,636,64.0,3725,5.9,9.2,24,21,190,65,79,359,1592,4.4,15,99,1838,355,313,522,60.0,2861,5.5,9.1,19,17,150,48,321,73,355,517,2108,4.1,14,111,1868,2023_16_WAS_NYJ,28
1,304,494,61.5,3067,6.2,10.1,14,11,158,64,79,444,1846,4.2,16,103,1852,402,390,585,66.7,3961,6.8,10.2,21,11,202,47,298,90,402,515,2352,4.6,24,143,2001,2023_16_SEA_TEN,17
0,371,575,64.5,3910,6.8,10.5,23,12,189,38,89,382,1580,4.1,11,93,1674,367,387,571,67.8,3866,6.8,10.0,20,6,189,45,315,94,367,480,1831,3.8,10,103,1887,2023_16_SEA_TEN,20
1,364,568,64.1,3812,6.7,10.5,28,10,188,40,93,439,1509,3.4,8,79,1765,371,404,617,65.5,4076,6.6,10.1,27,16,198,40,279,88,371,421,1752,4.2,15,99,1834,2023_16_JAX_TB,30
0,412,620,66.5,4126,6.7,10.0,22,14,199,41,88,453,1646,3.6,17,98,1915,325,404,611,66.1,4232,6.9,10.5,23,13,213,48,336,90,325,422,1620,3.8,11,101,1895,2023_16_JAX_TB,12
1,321,513,62.6,3096,6.0,9.6,19,15,169,50,80,534,2399,4.5,16,137,1978,455,347,506,68.6,3613,7.1,10.4,32,11,198,33,233,101,455,521,2434,4.7,19,141,1902,2023_16_ARI_CHI,27
0,355,555,64.0,3144,5.7,8.9,18,12,173,42,81,471,2365,5.0,17,127,1758,379,410,617,66.5,4043,6.6,9.9,31,22,196,30,202,87,379,388,1468,3.8,8,88,1682,2023_16_ARI_CHI,16
1,393,566,69.4,4514,8.0,11.5,30,15,223,31,100,456,2308,5.1,27,113,1810,315,308,509,60.5,3185,6.3,10.3,21,17,166,46,296,78,315,459,1910,4.2,14,108,1692,2023_16_DAL_MIA,22
0,428,614,69.7,4397,7.2,10.3,36,10,229,40,103,468,1920,4.1,14,113,1968,391,380,568,66.9,3761,6.6,9.9,27,15,186,56,371,90,391,433,1650,3.8,15,109,1850,2023_16_DAL_MIA,20
1,337,513,65.7,3262,6.4,9.7,28,9,154,52,94,451,1810,4.0,8,116,1831,366,370,575,64.3,3543,6.2,9.6,19,10,181,36,248,85,366,480,1584,3.3,14,100,1977,2023_16_NE_DEN,23
0,351,557,63.0,3069,5.5,8.7,16,21,153,48,71,415,1627,3.9,9,93,1683,413,382,572,66.8,3972,6.9,10.4,29,11,201,42,330,96,413,469,2331,5.0,15,119,1829,2023_16_NE_DEN,26
1,421,635,66.3,4188,6.6,9.9,28,17,216,28,88,417,1784,4.3,9,107,1828,331,376,564,66.7,3610,6.4,9.6,21,13,187,46,290,87,331,479,2015,4.2,15,117,1886,2023_16_LV_KC,14
0,348,557,62.5,3380,6.1,9.7,20,18,182,40,78,413,1542,3.7,11,83,1774,294,340,556,61.2,3001,5.4,8.8,19,8,169,57,351,81,294,432,1925,4.5,10,107,1832,2023_16_LV_KC,20
1,369,563,65.5,3834,6.8,10.4,24,16,197,39,87,510,2190,4.3,22,149,1868,407,371,582,63.7,3898,6.7,10.5,21,18,191,34,259,82,407,475,2251,4.7,24,134,1900,2023_16_NYG_PHI,33
0,338,518,65.3,2886,5.6,8.5,15,12,141,85,80,454,1874,4.1,10,97,1833,428,425,652,65.2,4296,6.6,10.1,35,9,222,43,255,96,428,410,1758,4.3,14,111,1840,2023_16_NYG_PHI,25
1,336,491,68.4,4384,8.9,13.0,33,12,207,34,109,499,2389,4.8,27,147,1868,280,384,634,60.6,3263,5.1,8.5,18,18,175,60,454,72,280,415,1860,4.5,6,96,1767,2023_16_BAL_SF,19
0,328,494,66.4,3635,7.4,11.1,27,7,180,41,100,541,2661,4.9,26,144,1873,298,410,621,66.0,3642,5.9,8.9,20,22,190,48,307,78,298,369,1525,4.1,10,97,1792,2023_16_BAL_SF,33
1,355,624,56.9,3693,5.9,10.4,24,23,173,45,72,518,2017,3.9,15,121,1939,355,313,522,60.0,2861,5.5,9.1,19,17,150,48,321,73,355,517,2108,4.1,14,111,1868,2023_17_NYJ_CLE,37
0,356,601,59.2,2919,4.9,8.2,11,15,156,64,67,388,1647,4.2,7,77,1749,362,307,535,57.4,2800,5.2,9.1,23,18,136,49,349,72,362,420,1793,4.3,15,87,1721,2023_17_NYJ_CLE,20
1,428,614,69.7,4397,7.2,10.3,36,10,229,40,103,468,1920,4.1,14,113,1968,395,371,588,63.1,4205,7.2,11.3,28,16,209,41,357,89,395,408,1509,3.7,15,91,1793,2023_17_DET_DAL,20
0,408,606,67.3,4401,7.3,10.8,30,12,228,31,97,500,2311,4.6,27,124,1882,315,308,509,60.5,3185,6.3,10.3,21,17,166,46,296,78,315,459,1910,4.2,14,108,1692,2023_17_DET_DAL,19
1,328,494,66.4,3635,7.4,11.1,27,7,180,41,100,541,2661,4.9,26,144,1873,391,380,568,66.9,3761,6.6,9.9,27,15,186,56,371,90,391,433,1650,3.8,15,109,1850,2023_17_MIA_BAL,56
0,393,566,69.4,4514,8.0,11.5,30,15,223,31,100,456,2308,5.1,27,113,1810,280,384,634,60.6,3263,5.1,8.5,18,18,175,60,454,72,280,415,1860,4.5,6,96,1767,2023_17_MIA_BAL,19
1,385,579,66.5,4154,7.2,10.8,29,18,199,24,91,512,2212,4.3,22,158,1922,366,370,575,64.3,3543,6.2,9.6,19,10,181,36,248,85,366,480,1584,3.3,14,100,1977,2023_17_NE_BUF,27
0,351,557,63.0,3069,5.5,8.7,16,21,153,48,71,415,1627,3.9,9,93,1683,311,363,552,65.8,3342,6.1,9.2,18,18,183,54,334,79,311,409,1880,4.6,14,96,1708,2023_17_NE_BUF,21
1,321,513,62.6,3096,6.0,9.6,19,15,169,50,80,534,2399,4.5,16,137,1978,373,340,549,61.9,3449,6.3,10.1,24,8,183,42,258,88,373,499,2009,4.0,11,105,1911,2023_17_ATL_CHI,37
0,327,530,61.7,3524,6.6,10.8,17,17,181,40,79,522,2159,4.1,14,121,1749,379,410,617,66.5,4043,6.6,9.9,31,22,196,30,202,87,379,388,1468,3.8,8,88,1682,2023_17_ATL_CHI,17
1,372,592,62.8,4173,7.0,11.2,27,8,215,47,93,444,1647,3.7,10,84,1846,367,387,571,67.8,3866,6.8,10.0,20,6,189,45,315,94,367,480,1831,3.8,10,103,1887,2023_17_TEN_HOU,26
0,304,494,61.5,3067,6.2,10.1,14,11,158,64,79,444,1846,4.2,16,103,1852,353,382,565,67.6,3979,7.0,10.4,17,14,185,46,355,87,353,468,1643,3.5,19,110,1910,2023_17_TEN_HOU,3
1,355,574,61.8,3666,6.4,10.3,18,10,178,41,83,479,2059,4.3,19,113,1768,331,376,564,66.7,3610,6.4,9.6,21,13,187,46,290,87,331,479,2015,4.2,15,117,1886,2023_17_LV_IND,23
0,348,557,62.5,3380,6.1,9.7,20,18,182,40,78,413,1542,3.7,11,83,1774,415,370,568,65.1,3842,6.8,10.4,21,15,192,51,315,86,415,518,2105,4.1,22,123,1964,2023_17_LV_IND,20
1,412,620,66.5,4126,6.7,10.0,22,14,199,41,88,453,1646,3.6,17,98,1915,416,309,481,64.2,2916,6.1,9.4,19,8,162,27,193,87,416,508,2081,4.1,25,122,1793,2023_17_CAR_JAX,26
0,350,586,59.7,2741,4.7,7.8,13,10,150,65,72,445,1769,4.0,7,111,1867,371,404,617,65.5,4076,6.6,10.1,27,16,198,40,279,88,371,421,1752,4.2,15,99,1834,2023_17_CAR_JAX,0
1,338,518,65.3,2886,5.6,8.5,15,12,141,85,80,454,1874,4.1,10,97,1833,377,367,604,60.8,3928,6.5,10.7,24,10,193,41,267,86,377,433,1816,4.2,14,108,1835,2023_17_LA_NYG,25
0,361,583,61.9,4063,7.0,11.3,26,13,206,34,88,477,2045,4.3,18,110,1908,407,371,582,63.7,3898,6.7,10.5,21,18,191,34,259,82,407,475,2251,4.7,24,134,1900,2023_17_LA_NYG,26
1,369,563,65.5,3834,6.8,10.4,24,16,197,39,87,510,2190,4.3,22,149,1868,455,347,506,68.6,3613,7.1,10.4,32,11,198,33,233,101,455,521,2434,4.7,19,141,1902,2023_17_ARI_PHI,31
0,355,555,64.0,3144,5.7,8.9,18,12,173,42,81,471,2365,5.0,17,127,1758,428,425,652,65.2,4296,6.6,10.1,35,9,222,43,255,96,428,410,1758,4.3,14,111,1840,2023_17_ARI_PHI,35
1,364,568,64.1,3812,6.7,10.5,28,10,188,40,93,439,1509,3.4,8,79,1765,327,333,558,59.7,3524,6.3,10.6,22,18,167,34,244,78,327,462,2038,4.4,10,100,1790,2023_17_NO_TB,13
0,406,606,67.0,3990,6.6,9.8,28,11,199,35,93,480,1742,3.6,13,112,1870,325,404,611,66.1,4232,6.9,10.5,23,13,213,48,336,90,325,422,1620,3.8,11,101,1895,2023_17_NO_TB,23
1,407,636,64.0,3725,5.9,9.2,24,21,190,65,79,359,1592,4.4,15,99,1838,298,410,621,66.0,3642,5.9,8.9,20,22,190,48,307,78,298,369,1525,4.1,10,97,1792,2023_17_SF_WAS,10
0,336,491,68.4,4384,8.9,13.0,33,12,207,34,109,499,2389,4.8,27,147,1868,518,396,598,66.2,4457,7.5,11.3,39,8,218,39,170,104,518,480,2155,4.5,15,121,1903,2023_17_SF_WAS,27
1,371,575,64.5,3910,6.8,10.5,23,12,189,38,89,382,1580,4.1,11,93,1674,324,348,573,60.7,3860,6.7,11.1,23,16,186,47,304,83,324,454,1956,4.3,9,95,1821,2023_17_PIT_SEA,23
0,323,506,63.8,3163,6.3,9.8,13,9,153,36,82,487,2010,4.1,16,115,1839,402,390,585,66.7,3961,6.8,10.2,21,11,202,47,298,90,402,515,2352,4.6,24,143,2001,2023_17_PIT_SEA,30
1,337,513,65.7,3262,6.4,9.7,28,9,154,52,94,451,1810,4.0,8,116,1831,398,389,598,65.1,4246,7.1,10.9,26,9,203,48,334,94,398,467,1924,4.1,18,110,1881,2023_17_LAC_DEN,16
0,409,632,64.7,3957,6.3,9.7,24,8,204,43,89,431,1642,3.8,11,89,1797,413,382,572,66.8,3972,6.9,10.4,29,11,201,42,330,96,413,469,2331,5.0,15,119,1829,2023_17_LAC_DEN,9
1,421,635,66.3,4188,6.6,9.9,28,17,216,28,88,417,1784,4.3,9,107,1828,384,364,555,65.6,4223,7.6,11.6,23,17,201,44,257,89,384,456,2145,4.7,17,127,1857,2023_17_CIN_KC,25
0,420,615,68.3,3895,6.3,9.3,27,14,208,50,91,383,1527,4.0,12,90,1917,294,340,556,61.2,3001,5.4,8.8,19,8,169,57,351,81,294,432,1925,4.5,10,107,1832,2023_17_CIN_KC,17
1,424,631,67.2,4359,6.9,10.3,30,19,220,47,90,393,1553,4.0,7,79,1756,350,342,523,65.4,3515,6.7,10.3,21,7,189,45,288,92,350,493,2181,4.4,15,120,1817,2023_17_GB_MIN,10
0,374,581,64.4,3968,6.8,10.6,32,11,211,30,95,441,1905,4.3,10,101,1843,362,426,606,70.3,3986,6.6,9.4,23,11,208,43,302,93,362,446,1678,3.8,14,104,1868,2023_17_GB_MIN,33
1,328,494,66.4,3635,7.4,11.1,27,7,180,41,100,541,2661,4.9,26,144,1873,324,348,573,60.7,3860,6.7,11.1,23,16,186,47,304,83,324,454,1956,4.3,9,95,1821,2023_18_PIT_BAL,10
0,323,506,63.8,3163,6.3,9.8,13,9,153,36,82,487,2010,4.1,16,115,1839,280,384,634,60.6,3263,5.1,8.5,18,18,175,60,454,72,280,415,1860,4.5,6,96,1767,2023_18_PIT_BAL,17
1,355,574,61.8,3666,6.4,10.3,18,10,178,41,83,479,2059,4.3,19,113,1768,353,382,565,67.6,3979,7.0,10.4,17,14,185,46,355,87,353,468,1643,3.5,19,110,1910,2023_18_HOU_IND,19
0,372,592,62.8,4173,7.0,11.2,27,8,215,47,93,444,1647,3.7,10,84,1846,415,370,568,65.1,3842,6.8,10.4,21,15,192,51,315,86,415,518,2105,4.1,22,123,1964,2023_18_HOU_IND,23
1,350,586,59.7,2741,4.7,7.8,13,10,150,65,72,445,1769,4.0,7,111,1867,325,404,611,66.1,4232,6.9,10.5,23,13,213,48,336,90,325,422,1620,3.8,11,101,1895,2023_18_TB_CAR,0
0,364,568,64.1,3812,6.7,10.5,28,10,188,40,93,439,1509,3.4,8,79,1765,416,309,481,64.2,2916,6.1,9.4,19,8,162,27,193,87,416,508,2081,4.1,25,122,1793,2023_18_TB_CAR,9
1,420,615,68.3,3895,6.3,9.3,27,14,208,50,91,383,1527,4.0,12,90,1917,362,307,535,57.4,2800,5.2,9.1,23,18,136,49,349,72,362,420,1793,4.3,15,87,1721,2023_18_CLE_CIN,31
0,355,624,56.9,3693,5.9,10.4,24,23,173,45,72,518,2017,3.9,15,121,1939,384,364,555,65.6,4223,7.6,11.6,23,17,201,44,257,89,384,456,2145,4.7,17,127,1857,2023_18_CLE_CIN,14
1,408,606,67.3,4401,7.3,10.8,30,12,228,31,97,500,2311,4.6,27,124,1882,362,426,606,70.3,3986,6.6,9.4,23,11,208,43,302,93,362,446,1678,3.8,14,104,1868,2023_18_MIN_DET,30
0,424,631,67.2,4359,6.9,10.3,30,19,220,47,90,393,1553,4.0,7,79,1756,395,371,588,63.1,4205,7.2,11.3,28,16,209,41,357,89,395,408,1509,3.7,15,91,1793,2023_18_MIN_DET,20
1,351,557,63.0,3069,5.5,8.7,16,21,153,48,71,415,1627,3.9,9,93,1683,355,313,522,60.0,2861,5.5,9.1,19,17,150,48,321,73,355,517,2108,4.1,14,111,1868,2023_18_NYJ_NE,3
0,356,601,59.2,2919,4.9,8.2,11,15,156,64,67,388,1647,4.2,7,77,1749,366,370,575,64.3,3543,6.2,9.6,19,10,181,36,248,85,366,480,1584,3.3,14,100,1977,2023_18_NYJ_NE,17
1,406,606,67.0,3990,6.6,9.8,28,11,199,35,93,480,1742,3.6,13,112,1870,373,340,549,61.9,3449,6.3,10.1,24,8,183,42,258,88,373,499,2009,4.0,11,105,1911,2023_18_ATL_NO,48
0,327,530,61.7,3524,6.6,10.8,17,17,181,40,79,522,2159,4.1,14,121,1749,327,333,558,59.7,3524,6.3,10.6,22,18,167,34,244,78,327,462,2038,4.4,10,100,1790,2023_18_ATL_NO,17
1,304,494,61.5,3067,6.2,10.1,14,11,158,64,79,444,1846,4.2,16,103,1852,371,404,617,65.5,4076,6.6,10.1,27,16,198,40,279,88,371,421,1752,4.2,15,99,1834,2023_18_JAX_TEN,28
0,412,620,66.5,4126,6.7,10.0,22,14,199,41,88,453,1646,3.6,17,98,1915,367,387,571,67.8,3866,6.8,10.0,20,6,189,45,315,94,367,480,1831,3.8,10,103,1887,2023_18_JAX_TEN,20
1,355,555,64.0,3144,5.7,8.9,18,12,173,42,81,471,2365,5.0,17,127,1758,402,390,585,66.7,3961,6.8,10.2,21,11,202,47,298,90,402,515,2352,4.6,24,143,2001,2023_18_SEA_ARI,20
0,371,575,64.5,3910,6.8,10.5,23,12,189,38,89,382,1580,4.1,11,93,1674,455,347,506,68.6,3613,7.1,10.4,32,11,198,33,233,101,455,521,2434,4.7,19,141,1902,2023_18_SEA_ARI,21
1,374,581,64.4,3968,6.8,10.6,32,11,211,30,95,441,1905,4.3,10,101,1843,379,410,617,66.5,4043,6.6,9.9,31,22,196,30,202,87,379,388,1468,3.8,8,88,1682,2023_18_CHI_GB,17
0,321,513,62.6,3096,6.0,9.6,19,15,169,50,80,534,2399,4.5,16,137,1978,350,342,523,65.4,3515,6.7,10.3,21,7,189,45,288,92,350,493,2181,4.4,15,120,1817,2023_18_CHI_GB,9
1,409,632,64.7,3957,6.3,9.7,24,8,204,43,89,431,1642,3.8,11,89,1797,294,340,556,61.2,3001,5.4,8.8,19,8,169,57,351,81,294,432,1925,4.5,10,107,1832,2023_18_KC_LAC,12
0,421,635,66.3,4188,6.6,9.9,28,17,216,28,88,417,1784,4.3,9,107,1828,398,389,598,65.1,4246,7.1,10.9,26,9,203,48,334,94,398,467,1924,4.1,18,110,1881,2023_18_KC_LAC,13
1,348,557,62.5,3380,6.1,9.7,20,18,182,40,78,413,1542,3.7,11,83,1774,413,382,572,66.8,3972,6.9,10.4,29,11,201,42,330,96,413,469,2331,5.0,15,119,1829,2023_18_DEN_LV,27
0,337,513,65.7,3262,6.4,9.7,28,9,154,52,94,451,1810,4.0,8,116,1831,331,376,564,66.7,3610,6.4,9.6,21,13,187,46,290,87,331,479,2015,4.2,15,117,1886,2023_18_DEN_LV,14
1,338,518,65.3,2886,5.6,8.5,15,12,141,85,80,454,1874,4.1,10,97,1833,428,425,652,65.2,4296,6.6,10.1,35,9,222,43,255,96,428,410,1758,4.3,14,111,1840,2023_18_PHI_NYG,27
0,369,563,65.5,3834,6.8,10.4,24,16,197,39,87,510,2190,4.3,22,149,1868,407,371,582,63.7,3898,6.7,10.5,21,18,191,34,259,82,407,475,2251,4.7,24,134,1900,2023_18_PHI_NYG,10
1,336,491,68.4,4384,8.9,13.0,33,12,207,34,109,499,2389,4.8,27,147,1868,377,367,604,60.8,3928,6.5,10.7,24,10,193,41,267,86,377,433,1816,4.2,14,108,1835,2023_18_LA_SF,20
0,361,583,61.9,4063,7.0,11.3,26,13,206,34,88,477,2045,4.3,18,110,1908,298,410,621,66.0,3642,5.9,8.9,20,22,190,48,307,78,298,369,1525,4.1,10,97,1792,2023_18_LA_SF,21
1,407,636,64.0,3725,5.9,9.2,24,21,190,65,79,359,1592,4.4,15,99,1838,315,308,509,60.5,3185,6.3,10.3,21,17,166,46,296,78,315,459,1910,4.2,14,108,1692,2023_18_DAL_WAS,10
0,428,614,69.7,4397,7.2,10.3,36,10,229,40,103,468,1920,4.1,14,113,1968,518,396,598,66.2,4457,7.5,11.3,39,8,218,39,170,104,518,480,2155,4.5,15,121,1903,2023_18_DAL_WAS,38
1,393,566,69.4,4514,8.0,11.5,30,15,223,31,100,456,2308,5.1,27,113,1810,311,363,552,65.8,3342,6.1,9.2,18,18,183,54,334,79,311,409,1880,4.6,14,96,1708,2023_18_BUF_MIA,14
0,385,579,66.5,4154,7.2,10.8,29,18,199,24,91,512,2212,4.3,22,158,1922,391,380,568,66.9,3761,6.6,9.9,27,15,186,56,371,90,391,433,1650,3.8,15,109,1850,2023_18_BUF_MIA,21
