Start Year,End Year,Scaling,Regularization,Alpha,Features Removed,MSE,R-Squared,Accuracy,Model Name
2022,2023,False,ridge,100.0,True,85.36281081171724,0.14241273557227807,67.76666666666667,model_2022_2023_unscaled_ridge_100_features_removed
2022,2023,False,elasticnet,0.1,True,85.26677412057012,0.14337755669827423,67.29333333333334,model_2022_2023_unscaled_elasticnet_0.1_features_removed
2022,2023,True,ridge,0.1,False,84.72546298707054,0.14881577422845949,67.14333333333333,model_2022_2023_scaled_ridge_0.1_features_included
2022,2023,False,lasso,0.1,True,85.28072540649475,0.14323739677362324,67.05,model_2022_2023_unscaled_lasso_0.1_features_removed
2014,2023,True,,,False,79.0891218058588,0.21036279738940944,67.04666666666667,model_2014_2023_scaled_none_0_features_included
2022,2023,True,elasticnet,1.0,False,81.57533090944462,0.18046319920601672,67.04666666666667,model_2022_2023_scaled_elasticnet_1_features_included
2022,2023,False,ridge,10.0,False,84.33999854107995,0.15268829666097805,67.03999999999999,model_2022_2023_unscaled_ridge_10_features_included
2022,2023,False,ridge,0.1,False,84.74547160951876,0.14861475999723672,67.02333333333334,model_2022_2023_unscaled_ridge_0.1_features_included
2022,2023,True,lasso,1.0,False,81.73136795265303,0.1788955917225934,66.94,model_2022_2023_scaled_lasso_1_features_included
2014,2023,True,lasso,0.01,False,78.8944160789333,0.21230676745800003,66.93,model_2014_2023_scaled_lasso_0.01_features_included
2014,2023,False,ridge,100.0,False,78.96083901632764,0.21164359126795462,66.92999999999999,model_2014_2023_unscaled_ridge_100_features_included
2022,2023,True,ridge,0.01,True,86.56393673359649,0.130345767723133,66.92666666666666,model_2022_2023_scaled_ridge_0.01_features_removed
2022,2023,False,ridge,0.01,True,86.56531159941548,0.13033195529819686,66.92666666666666,model_2022_2023_unscaled_ridge_0.01_features_removed
2022,2023,True,,,True,86.56808295502755,0.13030411320565682,66.92666666666666,model_2022_2023_scaled_none_0_features_removed
2022,2023,False,,,True,86.56808295502769,0.13030411320565527,66.92666666666666,model_2022_2023_unscaled_none_0_features_removed
2014,2023,True,ridge,10.0,False,79.05053937449394,0.2107480099505964,66.92333333333333,model_2014_2023_scaled_ridge_10_features_included
2022,2023,True,lasso,0.1,False,81.51745598085614,0.18104463275084937,66.9,model_2022_2023_scaled_lasso_0.1_features_included
2022,2023,False,ridge,0.01,False,84.77533378558559,0.14831475321864662,66.9,model_2022_2023_unscaled_ridge_0.01_features_included
2022,2023,True,lasso,0.01,True,85.54779154836301,0.1405543487360975,66.81666666666666,model_2022_2023_scaled_lasso_0.01_features_removed
2022,2023,False,elasticnet,0.01,True,86.18940231647592,0.13410848292848054,66.81666666666666,model_2022_2023_unscaled_elasticnet_0.01_features_removed
2022,2023,False,ridge,10.0,True,86.2315693382742,0.13368485698962984,66.81666666666666,model_2022_2023_unscaled_ridge_10_features_removed
2023,2023,False,ridge,100.0,False,85.78376270811611,0.12309498450860012,66.81333333333333,model_2023_2023_unscaled_ridge_100_features_included
2022,2023,False,lasso,0.01,True,86.18624068698026,0.13414024586089268,66.81,model_2022_2023_unscaled_lasso_0.01_features_removed
2022,2023,True,ridge,0.1,True,86.52976160963861,0.13068910401662925,66.81,model_2022_2023_scaled_ridge_0.1_features_removed
2022,2023,False,ridge,0.1,True,86.54401074237073,0.13054595180966677,66.81,model_2022_2023_unscaled_ridge_0.1_features_removed
2014,2023,False,lasso,0.01,False,78.96504157416274,0.21160163232420937,66.80666666666667,model_2014_2023_unscaled_lasso_0.01_features_included
2023,2023,True,lasso,0.1,False,82.18424941264813,0.15989019099614687,66.80333333333333,model_2023_2023_scaled_lasso_0.1_features_included
2022,2023,True,ridge,10.0,False,83.89445849949232,0.15716436137610235,66.80333333333333,model_2022_2023_scaled_ridge_10_features_included
2014,2023,False,ridge,10.0,False,79.08058569236917,0.2104480231780287,66.8,model_2014_2023_unscaled_ridge_10_features_included
2022,2023,False,ridge,1.0,False,84.6169289789125,0.14990614815439463,66.79666666666667,model_2022_2023_unscaled_ridge_1_features_included
2022,2023,True,ridge,0.01,False,84.7731410472843,0.14833678230161063,66.78333333333333,model_2022_2023_scaled_ridge_0.01_features_included
2022,2023,True,,,False,84.77918973115787,0.1482760149228517,66.78333333333333,model_2022_2023_scaled_none_0_features_included
2022,2023,False,,,False,84.77918973115796,0.14827601492285092,66.78333333333333,model_2022_2023_unscaled_none_0_features_included
2023,2023,False,elasticnet,0.1,False,86.17920179312117,0.11905269834609944,66.72,model_2023_2023_unscaled_elasticnet_0.1_features_included
2014,2023,True,elasticnet,0.1,False,78.77159285638983,0.21353305223206687,66.70333333333333,model_2014_2023_scaled_elasticnet_0.1_features_included
2014,2023,False,elasticnet,0.1,False,78.83322438512944,0.21291771415730587,66.69333333333334,model_2014_2023_unscaled_elasticnet_0.1_features_included
2022,2023,True,ridge,10.0,True,85.739580059538,0.13862756840771773,66.69333333333333,model_2022_2023_scaled_ridge_10_features_removed
2014,2023,False,elasticnet,0.01,False,78.97865068731565,0.2114657569750501,66.69,model_2014_2023_unscaled_elasticnet_0.01_features_included
2022,2023,False,lasso,0.01,False,84.27620057508436,0.15332923529237907,66.68666666666667,model_2022_2023_unscaled_lasso_0.01_features_included
2022,2023,False,elasticnet,100.0,False,83.65812745911815,0.15953863289418613,66.68333333333334,model_2022_2023_unscaled_elasticnet_100_features_included
2022,2023,False,elasticnet,0.01,False,84.29730678950169,0.15311719423477488,66.68333333333334,model_2022_2023_unscaled_elasticnet_0.01_features_included
2023,2023,True,elasticnet,0.1,True,85.50705001541863,0.1259236171124436,66.58666666666667,model_2023_2023_scaled_elasticnet_0.1_features_removed
2022,2023,True,ridge,100.0,True,84.21106466736718,0.15398361539519,66.58333333333333,model_2022_2023_scaled_ridge_100_features_removed
2019,2023,True,ridge,10.0,False,70.80147089892714,0.22337078644853936,66.57666666666667,model_2019_2023_scaled_ridge_10_features_included
2014,2023,True,lasso,0.1,False,78.40872046313692,0.21715602255934163,66.57666666666667,model_2014_2023_scaled_lasso_0.1_features_included
2022,2023,False,elasticnet,10.0,False,79.91715844467241,0.1971218304587985,66.57333333333334,model_2022_2023_unscaled_elasticnet_10_features_included
2014,2023,False,ridge,0.01,False,79.11368460772668,0.21011755883178762,66.57333333333332,model_2014_2023_unscaled_ridge_0.01_features_included
2014,2023,False,,,False,79.113723318901,0.2101171723338383,66.57333333333332,model_2014_2023_unscaled_none_0_features_included
2023,2023,True,ridge,1.0,False,88.13251329199232,0.09908541553985006,66.57333333333332,model_2023_2023_scaled_ridge_1_features_included
2022,2023,True,ridge,100.0,False,82.7022793330695,0.1691414467171104,66.57,model_2022_2023_scaled_ridge_100_features_included
2022,2023,False,lasso,0.1,False,83.23121364438767,0.16382757144997773,66.57,model_2022_2023_unscaled_lasso_0.1_features_included
2022,2023,True,ridge,1.0,True,86.31841035828153,0.1328124190733989,66.57,model_2022_2023_scaled_ridge_1_features_removed
2022,2023,False,ridge,1.0,True,86.45570982338681,0.13143305642627678,66.57,model_2022_2023_unscaled_ridge_1_features_removed
2014,2023,True,ridge,1.0,False,79.09207463902102,0.2103333158771008,66.56666666666666,model_2014_2023_scaled_ridge_1_features_included
2014,2023,False,ridge,1.0,False,79.10987289281157,0.21015561554343143,66.56666666666666,model_2014_2023_unscaled_ridge_1_features_included
2014,2023,True,ridge,0.1,False,79.11084242376268,0.2101459356065375,66.56666666666666,model_2014_2023_scaled_ridge_0.1_features_included
2014,2023,False,ridge,0.1,False,79.11333624539907,0.21012103693152617,66.56666666666666,model_2014_2023_unscaled_ridge_0.1_features_included
2014,2023,True,ridge,0.01,False,79.11342520087601,0.21012014878721053,66.56666666666666,model_2014_2023_scaled_ridge_0.01_features_included
2022,2023,True,lasso,0.01,False,83.5621741146897,0.16050261668734622,66.56333333333333,model_2022_2023_scaled_lasso_0.01_features_included
2022,2023,True,elasticnet,0.1,False,82.10600117821816,0.17513188385003076,66.55,model_2022_2023_scaled_elasticnet_0.1_features_included
2022,2023,True,ridge,1.0,False,84.46520012461491,0.151430473933437,66.54666666666667,model_2022_2023_scaled_ridge_1_features_included
2014,2023,True,ridge,1.0,True,81.33393811388437,0.1879502275015409,66.49000000000001,model_2014_2023_scaled_ridge_1_features_removed
2014,2023,True,ridge,0.1,True,81.35919183024865,0.1876980907539062,66.49000000000001,model_2014_2023_scaled_ridge_0.1_features_removed
2014,2023,True,ridge,0.01,True,81.36295989557034,0.18766046984610074,66.49000000000001,model_2014_2023_scaled_ridge_0.01_features_removed
2014,2023,False,ridge,0.1,True,81.3633221437768,0.1876568531077445,66.49000000000001,model_2014_2023_unscaled_ridge_0.1_features_removed
2014,2023,True,lasso,0.01,True,81.18573304201767,0.18942992832119088,66.49,model_2014_2023_scaled_lasso_0.01_features_removed
2014,2023,True,elasticnet,0.01,True,81.21248438706638,0.18916283903270203,66.48333333333333,model_2014_2023_scaled_elasticnet_0.01_features_removed
2022,2023,True,lasso,0.1,True,83.89066729419211,0.1572024492665005,66.46666666666667,model_2022_2023_scaled_lasso_0.1_features_removed
2022,2023,True,elasticnet,0.1,True,84.02826975124044,0.15582004264707816,66.46000000000001,model_2022_2023_scaled_elasticnet_0.1_features_removed
2022,2023,True,elasticnet,0.01,True,85.67542156034723,0.13927212909272313,66.46,model_2022_2023_scaled_elasticnet_0.01_features_removed
2019,2023,True,lasso,0.01,False,70.28015497651832,0.22908915881696368,66.44999999999999,model_2019_2023_scaled_lasso_0.01_features_included
2014,2023,False,elasticnet,100.0,False,81.06549815796093,0.19063037075037637,66.43,model_2014_2023_unscaled_elasticnet_100_features_included
2014,2023,False,ridge,1.0,True,81.36253118391755,0.1876647501650942,66.37333333333333,model_2014_2023_unscaled_ridge_1_features_removed
2014,2023,False,ridge,0.01,True,81.36339225780921,0.18765615307912942,66.36666666666667,model_2014_2023_unscaled_ridge_0.01_features_removed
2014,2023,True,,,True,81.36339998619813,0.18765607591777933,66.36666666666667,model_2014_2023_scaled_none_0_features_removed
2014,2023,False,,,True,81.36339998619826,0.1876560759177781,66.36666666666667,model_2014_2023_unscaled_none_0_features_removed
2023,2023,False,lasso,0.1,False,86.2446537538597,0.11838363055478962,66.36333333333333,model_2023_2023_unscaled_lasso_0.1_features_included
2014,2023,True,ridge,10.0,True,81.27900823606973,0.1884986553265935,66.36,model_2014_2023_scaled_ridge_10_features_removed
2014,2023,True,ridge,100.0,False,79.03480741854034,0.2109050800685487,66.34666666666666,model_2014_2023_scaled_ridge_100_features_included
2022,2023,False,lasso,10.0,False,79.98790613598617,0.19641107224358256,66.33666666666667,model_2022_2023_unscaled_lasso_10_features_included
2019,2023,False,elasticnet,0.1,False,70.67935451277086,0.22471029467821568,66.33333333333333,model_2019_2023_unscaled_elasticnet_0.1_features_included
2022,2023,False,elasticnet,1.0,True,83.27403372957824,0.16339738458790098,66.33333333333333,model_2022_2023_unscaled_elasticnet_1_features_removed
2019,2023,False,ridge,100.0,False,71.18864131734466,0.21912387104200437,66.33,model_2019_2023_unscaled_ridge_100_features_included
2022,2023,False,lasso,1.0,False,80.2684234378183,0.1935928887370264,66.32666666666667,model_2022_2023_unscaled_lasso_1_features_included
2023,2023,False,ridge,1.0,False,89.45282069493881,0.08558887322130415,66.32333333333334,model_2023_2023_unscaled_ridge_1_features_included
2014,2023,True,ridge,100.0,True,81.22815723188823,0.18900635908881724,66.24333333333333,model_2014_2023_scaled_ridge_100_features_removed
2014,2023,False,lasso,0.01,True,81.24390170959788,0.18884916395184592,66.24333333333333,model_2014_2023_unscaled_lasso_0.01_features_removed
2023,2023,True,lasso,1.0,True,82.43084694597677,0.15736940376372555,66.22666666666667,model_2023_2023_scaled_lasso_1_features_removed
2019,2023,True,elasticnet,0.01,False,70.45392688947423,0.22718303536524975,66.21666666666667,model_2019_2023_scaled_elasticnet_0.01_features_included
2019,2023,True,ridge,0.1,False,71.61453604226794,0.21445218440790803,66.21666666666667,model_2019_2023_scaled_ridge_0.1_features_included
2019,2023,False,ridge,1.0,False,71.62164842803327,0.2143741678569343,66.21666666666667,model_2019_2023_unscaled_ridge_1_features_included
2019,2023,True,ridge,0.01,False,71.64275309297477,0.2141426684385228,66.21666666666667,model_2019_2023_scaled_ridge_0.01_features_included
2019,2023,False,ridge,0.1,False,71.64329707984825,0.21413670138596896,66.21666666666667,model_2019_2023_unscaled_ridge_0.1_features_included
2019,2023,False,ridge,0.01,False,71.64578425152034,0.21410941932310878,66.21666666666667,model_2019_2023_unscaled_ridge_0.01_features_included
2019,2023,False,,,False,71.64606491736156,0.21410634066826206,66.21666666666667,model_2019_2023_unscaled_none_0_features_included
2023,2023,True,ridge,100.0,False,83.0391208593197,0.1511514619462524,66.21666666666667,model_2023_2023_scaled_ridge_100_features_included
2023,2023,False,ridge,10.0,False,87.31641179848168,0.1074278275560322,66.21666666666667,model_2023_2023_unscaled_ridge_10_features_included
2023,2023,False,elasticnet,10.0,False,79.96628591600542,0.18256281869377555,66.21333333333332,model_2023_2023_unscaled_elasticnet_10_features_included
2019,2023,True,ridge,1.0,False,71.4154330944683,0.21663616679982978,66.21000000000001,model_2019_2023_scaled_ridge_1_features_included
2019,2023,False,lasso,1.0,False,69.6314825477939,0.23620451887624738,66.21,model_2019_2023_unscaled_lasso_1_features_included
2022,2023,True,elasticnet,0.01,False,83.76039774752306,0.15851118667924302,66.21,model_2022_2023_scaled_elasticnet_0.01_features_included
2019,2023,False,elasticnet,0.01,False,71.35509261289045,0.21729804825734944,66.20666666666666,model_2019_2023_unscaled_elasticnet_0.01_features_included
2014,2023,False,ridge,10.0,True,81.34746099208563,0.18781521313458038,66.13333333333333,model_2014_2023_unscaled_ridge_10_features_removed
2014,2023,False,ridge,100.0,True,81.2343591490957,0.18894443825264284,66.13,model_2014_2023_unscaled_ridge_100_features_removed
2014,2023,False,elasticnet,0.01,True,81.26891358559281,0.1885994417733502,66.12333333333333,model_2014_2023_unscaled_elasticnet_0.01_features_removed
2023,2023,True,elasticnet,1.0,True,82.16847807030302,0.1600514099584175,66.12,model_2023_2023_scaled_elasticnet_1_features_removed
2019,2023,True,ridge,100.0,False,70.1572590381221,0.23043721804191353,66.11333333333333,model_2019_2023_scaled_ridge_100_features_included
2023,2023,True,lasso,0.1,True,84.94676569496839,0.1316509962246858,66.10666666666667,model_2023_2023_scaled_lasso_0.1_features_removed
2014,2023,False,lasso,10.0,False,79.00040557251066,0.2112485530625996,66.10333333333334,model_2014_2023_unscaled_lasso_10_features_included
2019,2023,False,lasso,0.1,False,70.56129274225415,0.22600532737771672,66.1,model_2019_2023_unscaled_lasso_0.1_features_included
2014,2023,True,elasticnet,0.01,False,78.97426201710438,0.2115095740916101,66.09666666666666,model_2014_2023_scaled_elasticnet_0.01_features_included
2014,2023,False,elasticnet,10.0,False,79.01913766302805,0.2110615291683211,66.09666666666666,model_2014_2023_unscaled_elasticnet_10_features_included
2019,2023,False,lasso,0.01,False,71.31934627577161,0.2176901538072975,66.09,model_2019_2023_unscaled_lasso_0.01_features_included
2019,2023,False,ridge,10.0,False,71.51820251603827,0.21550887757776038,66.09,model_2019_2023_unscaled_ridge_10_features_included
2019,2023,False,lasso,10.0,False,69.18407359262079,0.24111219749620139,66.08666666666667,model_2019_2023_unscaled_lasso_10_features_included
2023,2023,False,lasso,100.0,True,81.70408032328767,0.16479861036889953,66.07,model_2023_2023_unscaled_lasso_100_features_removed
2023,2023,False,lasso,100.0,False,81.70417233141112,0.16479766983677113,66.07,model_2023_2023_unscaled_lasso_100_features_included
2023,2023,True,ridge,100.0,True,84.64848523496421,0.13470010042743263,66.00333333333333,model_2023_2023_scaled_ridge_100_features_removed
2019,2023,True,lasso,0.1,True,70.33971096642897,0.22843588253584501,65.98666666666666,model_2019_2023_scaled_lasso_0.1_features_removed
2023,2023,False,ridge,0.1,True,95.28633458378636,0.025957103459994912,65.98666666666666,model_2023_2023_unscaled_ridge_0.1_features_removed
2019,2023,False,elasticnet,1.0,True,70.16788944459363,0.23032061193030462,65.98,model_2019_2023_unscaled_elasticnet_1_features_removed
2023,2023,True,elasticnet,1.0,False,80.38368039608001,0.17829609849567452,65.98,model_2023_2023_scaled_elasticnet_1_features_included
2023,2023,False,elasticnet,1.0,False,83.13496724759476,0.15017169402815433,65.98,model_2023_2023_unscaled_elasticnet_1_features_included
2014,2023,True,lasso,1.0,False,79.15093831112574,0.20974561248231205,65.97666666666666,model_2014_2023_scaled_lasso_1_features_included
2023,2023,False,lasso,10.0,False,79.48203282246602,0.18751298587094634,65.97666666666666,model_2023_2023_unscaled_lasso_10_features_included
2023,2023,False,lasso,1.0,False,81.88672827394711,0.16293153320946718,65.97666666666666,model_2023_2023_unscaled_lasso_1_features_included
2022,2023,False,ridge,100.0,False,83.44239948372497,0.1617059181852718,65.97333333333333,model_2022_2023_unscaled_ridge_100_features_included
2023,2023,False,lasso,0.01,False,88.03892174344284,0.10004213387138217,65.97,model_2023_2023_unscaled_lasso_0.01_features_included
2022,2023,True,lasso,1.0,True,84.52789470232261,0.1508006203604404,65.96666666666667,model_2022_2023_scaled_lasso_1_features_removed
2014,2023,False,lasso,0.1,True,81.06984359484834,0.19058698528155904,65.89,model_2014_2023_unscaled_lasso_0.1_features_removed
2023,2023,False,lasso,0.01,True,89.87198262517582,0.08130408566566205,65.87666666666667,model_2023_2023_unscaled_lasso_0.01_features_removed
2023,2023,True,ridge,10.0,False,85.87672634823144,0.12214468482831164,65.87,model_2023_2023_scaled_ridge_10_features_included
2023,2023,False,elasticnet,0.01,False,87.74134132562394,0.1030840820520107,65.86,model_2023_2023_unscaled_elasticnet_0.01_features_included
2023,2023,True,lasso,1.0,False,79.58797907473146,0.18642997438892273,65.85666666666667,model_2023_2023_scaled_lasso_1_features_included
2022,2023,False,elasticnet,0.1,False,83.29724087807823,0.16316423674743008,65.85666666666667,model_2022_2023_unscaled_elasticnet_0.1_features_included
2019,2023,False,elasticnet,100.0,False,70.72861813464044,0.22416991652754303,65.84666666666666,model_2019_2023_unscaled_elasticnet_100_features_included
2014,2023,True,lasso,1.0,True,82.62480736926436,0.17506200261700622,65.84333333333333,model_2014_2023_scaled_lasso_1_features_removed
2019,2023,False,elasticnet,1.0,False,69.8521637350446,0.23378384237441607,65.84,model_2019_2023_unscaled_elasticnet_1_features_included
2014,2023,True,elasticnet,0.1,True,81.04112071264538,0.1908737586814374,65.77666666666667,model_2014_2023_scaled_elasticnet_0.1_features_removed
2014,2023,False,elasticnet,0.1,True,81.05148714578294,0.19077025871738562,65.77333333333334,model_2014_2023_unscaled_elasticnet_0.1_features_removed
2023,2023,True,ridge,1.0,True,90.01835531511605,0.0798078241135044,65.75333333333333,model_2023_2023_scaled_ridge_1_features_removed
2023,2023,True,elasticnet,0.01,False,86.57411967877938,0.11501574002545234,65.75,model_2023_2023_scaled_elasticnet_0.01_features_included
2023,2023,True,elasticnet,0.1,False,82.83370505482515,0.153251278316343,65.74333333333334,model_2023_2023_scaled_elasticnet_0.1_features_included
2019,2023,True,elasticnet,1.0,False,69.58617413899512,0.23670151185458377,65.73666666666666,model_2019_2023_scaled_elasticnet_1_features_included
2019,2023,True,elasticnet,1.0,True,70.38888086613632,0.22789653243399977,65.73666666666666,model_2019_2023_scaled_elasticnet_1_features_removed
2019,2023,False,ridge,100.0,True,71.80690286518501,0.21234209131946435,65.73666666666666,model_2019_2023_unscaled_ridge_100_features_removed
2019,2023,True,elasticnet,0.1,False,69.52915205252887,0.23732699346683117,65.73333333333333,model_2019_2023_scaled_elasticnet_0.1_features_included
2019,2023,True,,,False,72.89375476715588,0.20042029185459842,65.72333333333333,model_2019_2023_scaled_none_0_features_included
2014,2023,True,lasso,0.1,True,80.86972031149823,0.19258504501510543,65.65,model_2014_2023_scaled_lasso_0.1_features_removed
2023,2023,True,lasso,0.01,True,88.3270696774491,0.097096607112509,65.65,model_2023_2023_scaled_lasso_0.01_features_removed
2023,2023,True,elasticnet,0.01,True,88.46036414057832,0.09573403476122433,65.65,model_2023_2023_scaled_elasticnet_0.01_features_removed
2022,2023,True,elasticnet,1.0,True,83.346734500629,0.1626670049908101,65.64333333333333,model_2022_2023_scaled_elasticnet_1_features_removed
2023,2023,False,elasticnet,0.01,True,89.68955731542492,0.08316888692901336,65.64333333333333,model_2023_2023_unscaled_elasticnet_0.01_features_removed
2019,2023,True,elasticnet,0.1,True,70.33693208233079,0.22846636442477064,65.63666666666667,model_2019_2023_scaled_elasticnet_0.1_features_removed
2019,2023,True,ridge,1.0,True,72.06891142383337,0.20946809028158597,65.63666666666667,model_2019_2023_scaled_ridge_1_features_removed
2019,2023,False,ridge,1.0,True,72.28359128324256,0.20711324301271627,65.63666666666667,model_2019_2023_unscaled_ridge_1_features_removed
2019,2023,True,lasso,1.0,False,69.91406432775628,0.2331048478842499,65.63,model_2019_2023_scaled_lasso_1_features_included
2019,2023,True,ridge,0.1,True,72.28039124104448,0.20714834463170906,65.63,model_2019_2023_scaled_ridge_0.1_features_removed
2019,2023,False,ridge,0.1,True,72.31142036721016,0.20680798269366907,65.63,model_2019_2023_unscaled_ridge_0.1_features_removed
2019,2023,True,ridge,0.01,True,72.31161851901275,0.20680580914449476,65.63,model_2019_2023_scaled_ridge_0.01_features_removed
2019,2023,False,ridge,0.01,True,72.31491963310154,0.2067695988566849,65.63,model_2019_2023_unscaled_ridge_0.01_features_removed
2019,2023,False,,,True,72.31531961281172,0.2067652114347316,65.63,model_2019_2023_unscaled_none_0_features_removed
2019,2023,True,,,True,72.31531961281186,0.20676521143473003,65.63,model_2019_2023_scaled_none_0_features_removed
2014,2023,False,lasso,0.1,False,78.94259907212792,0.21182570150239366,65.63,model_2014_2023_unscaled_lasso_0.1_features_included
2023,2023,True,lasso,0.01,False,86.4131445203454,0.11666127199262177,65.63,model_2023_2023_scaled_lasso_0.01_features_included
2019,2023,False,elasticnet,100.0,True,72.5943853028037,0.2037041088249133,65.62666666666667,model_2019_2023_unscaled_elasticnet_100_features_removed
2022,2023,False,lasso,10.0,True,82.61783565405095,0.16998980003396014,65.62333333333333,model_2022_2023_unscaled_lasso_10_features_removed
2019,2023,False,lasso,1.0,True,70.04221476114095,0.2316991515190162,65.62,model_2019_2023_unscaled_lasso_1_features_removed
2014,2023,True,elasticnet,1.0,False,79.2473082338654,0.2087834412700088,65.62,model_2014_2023_scaled_elasticnet_1_features_included
2019,2023,False,elasticnet,10.0,False,69.25552861582035,0.24032839939473272,65.61333333333333,model_2019_2023_unscaled_elasticnet_10_features_included
2022,2023,False,lasso,100.0,True,86.7205593745232,0.12877227710230454,65.58666666666667,model_2022_2023_unscaled_lasso_100_features_removed
2022,2023,False,lasso,100.0,False,86.72058336507048,0.128772036084142,65.58666666666667,model_2022_2023_unscaled_lasso_100_features_included
2023,2023,True,ridge,10.0,True,87.6870969122582,0.10363858323779618,65.53333333333333,model_2023_2023_scaled_ridge_10_features_removed
2023,2023,False,elasticnet,1.0,True,85.91019674017994,0.12180254135449398,65.52333333333334,model_2023_2023_unscaled_elasticnet_1_features_removed
2019,2023,True,ridge,10.0,True,71.42660944705716,0.2165135721445034,65.52,model_2019_2023_scaled_ridge_10_features_removed
2023,2023,True,ridge,0.1,False,92.42668312079918,0.05518924053683494,65.52,model_2023_2023_scaled_ridge_0.1_features_included
2019,2023,True,elasticnet,0.01,True,71.17664385035151,0.2192554725926107,65.51333333333332,model_2019_2023_scaled_elasticnet_0.01_features_removed
2019,2023,False,elasticnet,0.1,True,71.18197025714018,0.21919704664378759,65.51,model_2019_2023_unscaled_elasticnet_0.1_features_removed
2019,2023,False,lasso,0.01,True,71.9558182474103,0.21070862191953554,65.50999999999999,model_2019_2023_unscaled_lasso_0.01_features_removed
2019,2023,False,elasticnet,0.01,True,72.01230386658823,0.21008902487667558,65.50999999999999,model_2019_2023_unscaled_elasticnet_0.01_features_removed
2019,2023,False,ridge,10.0,True,72.17486975671714,0.20830582153643207,65.50999999999999,model_2019_2023_unscaled_ridge_10_features_removed
2014,2023,False,elasticnet,1.0,False,79.00695068599121,0.21118320570532023,65.50333333333333,model_2014_2023_unscaled_elasticnet_1_features_included
2022,2023,False,elasticnet,1.0,False,81.0394129730836,0.18584723462649178,65.49666666666667,model_2022_2023_unscaled_elasticnet_1_features_included
2019,2023,True,lasso,0.1,False,69.24931942380982,0.24039650871289653,65.49333333333334,model_2019_2023_scaled_lasso_0.1_features_included
2022,2023,False,elasticnet,100.0,True,84.89177280023192,0.14714496259092869,65.48666666666666,model_2022_2023_unscaled_elasticnet_100_features_removed
2023,2023,False,ridge,10.0,True,89.23799431751081,0.08778488703416798,65.41666666666667,model_2023_2023_unscaled_ridge_10_features_removed
2014,2023,False,lasso,1.0,False,78.94902763059557,0.21176151784717911,65.39,model_2014_2023_unscaled_lasso_1_features_included
2023,2023,False,elasticnet,100.0,True,78.99326877306902,0.1925092652690238,65.39,model_2023_2023_unscaled_elasticnet_100_features_removed
2023,2023,False,ridge,0.1,False,93.27413234819917,0.046526383436361174,65.39,model_2023_2023_unscaled_ridge_0.1_features_included
2022,2023,False,lasso,1.0,True,82.71459292346593,0.1690177397046193,65.38,model_2022_2023_unscaled_lasso_1_features_removed
2023,2023,False,lasso,0.1,True,88.26967579372891,0.09768330304311323,65.29333333333334,model_2023_2023_unscaled_lasso_0.1_features_removed
2023,2023,False,elasticnet,0.1,True,88.16067247076859,0.09879756473543799,65.28666666666666,model_2023_2023_unscaled_elasticnet_0.1_features_removed
2019,2023,True,ridge,100.0,True,70.73094903024503,0.2241443486742586,65.28333333333333,model_2019_2023_scaled_ridge_100_features_removed
2023,2023,True,ridge,0.1,True,94.36641117943202,0.035360811360883315,65.28333333333333,model_2023_2023_scaled_ridge_0.1_features_removed
2019,2023,True,lasso,0.01,True,71.11624716984122,0.21991797050247464,65.28,model_2019_2023_scaled_lasso_0.01_features_removed
2014,2023,False,lasso,1.0,True,81.52033044640764,0.18608925956206834,65.27333333333333,model_2014_2023_unscaled_lasso_1_features_removed
2023,2023,False,elasticnet,100.0,False,78.9957482719582,0.19248391915522323,65.26,model_2023_2023_unscaled_elasticnet_100_features_included
2019,2023,True,lasso,1.0,True,71.19220365574402,0.21908479535566106,65.25333333333333,model_2019_2023_scaled_lasso_1_features_removed
2014,2023,False,elasticnet,10.0,True,83.39020186496042,0.16742019354548088,65.25333333333333,model_2014_2023_unscaled_elasticnet_10_features_removed
2023,2023,False,ridge,100.0,True,87.71235044603539,0.10338043472892933,65.18,model_2023_2023_unscaled_ridge_100_features_removed
2019,2023,False,lasso,0.1,True,70.9673708165885,0.22155101178925973,65.15666666666667,model_2019_2023_unscaled_lasso_0.1_features_removed
2014,2023,False,lasso,10.0,True,83.74781258877167,0.16384975648503364,65.12666666666667,model_2014_2023_unscaled_lasso_10_features_removed
2014,2023,True,elasticnet,1.0,True,81.9323750344339,0.1819753469479094,65.03999999999999,model_2014_2023_scaled_elasticnet_1_features_removed
2023,2023,False,lasso,10.0,True,79.91841768588037,0.18305214079570042,65.03666666666666,model_2023_2023_unscaled_lasso_10_features_removed
2023,2023,False,elasticnet,10.0,True,80.81100822396506,0.1739278369074475,65.03666666666666,model_2023_2023_unscaled_elasticnet_10_features_removed
2023,2023,False,ridge,1.0,True,91.39918813817931,0.06569257444534371,65.03,model_2023_2023_unscaled_ridge_1_features_removed
2022,2023,False,elasticnet,10.0,True,82.28814989369656,0.17330194857563264,65.01333333333334,model_2022_2023_unscaled_elasticnet_10_features_removed
2023,2023,False,ridge,0.01,False,95.61438956536564,0.022603635978245107,64.82,model_2023_2023_unscaled_ridge_0.01_features_included
2014,2023,False,elasticnet,100.0,True,84.75777404252595,0.15376615561961127,64.79666666666667,model_2014_2023_unscaled_elasticnet_100_features_removed
2023,2023,True,ridge,0.01,False,95.42921345889961,0.02449655663575634,64.70333333333333,model_2023_2023_scaled_ridge_0.01_features_included
2023,2023,True,,,False,97.02810485133588,0.0081522528072564,64.68333333333334,model_2023_2023_scaled_none_0_features_included
2019,2023,False,lasso,10.0,True,70.55987232715202,0.2260209080690453,64.66666666666666,model_2019_2023_unscaled_lasso_10_features_removed
2019,2023,False,elasticnet,10.0,True,70.46033131467983,0.22711278451244232,64.66333333333333,model_2019_2023_unscaled_elasticnet_10_features_removed
2014,2023,False,lasso,100.0,False,87.13784968898203,0.13000313698245214,64.64,model_2014_2023_unscaled_lasso_100_features_included
2014,2023,False,lasso,100.0,True,87.5905120005365,0.12548369115650737,64.52333333333334,model_2014_2023_unscaled_lasso_100_features_removed
2014,2023,False,elasticnet,1.0,True,81.30904041371801,0.1881988097320917,64.43666666666667,model_2014_2023_unscaled_elasticnet_1_features_removed
2023,2023,True,,,True,98.02251481892684,-0.00201287705539821,64.33,model_2023_2023_scaled_none_0_features_removed
2023,2023,False,,,True,98.02251481892696,-0.0020128770553995423,64.33,model_2023_2023_unscaled_none_0_features_removed
2023,2023,False,,,False,96.05922796119387,0.01805637658940018,64.22,model_2023_2023_unscaled_none_0_features_included
2023,2023,True,ridge,0.01,True,97.39469516414057,0.004404866661199769,64.21333333333334,model_2023_2023_scaled_ridge_0.01_features_removed
2023,2023,False,lasso,1.0,True,84.6774552587686,0.13440396094402696,64.20333333333333,model_2023_2023_unscaled_lasso_1_features_removed
2023,2023,False,ridge,0.01,True,97.59221482091553,0.0023857668663651577,64.09333333333333,model_2023_2023_unscaled_ridge_0.01_features_removed
2019,2023,False,lasso,100.0,True,75.35299782016709,0.17344458112510663,63.82333333333333,model_2019_2023_unscaled_lasso_100_features_removed
2019,2023,False,lasso,100.0,False,75.35300819416655,0.17344446733155217,63.82333333333333,model_2019_2023_unscaled_lasso_100_features_included
2019,2023,True,lasso,10.0,True,91.26594260115489,-0.0011062810764530528,45.52333333333333,model_2019_2023_scaled_lasso_10_features_removed
2019,2023,True,lasso,10.0,False,91.26594260115489,-0.0011062810764530528,45.52333333333333,model_2019_2023_scaled_lasso_10_features_included
2019,2023,True,lasso,100.0,True,91.26594260115489,-0.0011062810764530528,45.52333333333333,model_2019_2023_scaled_lasso_100_features_removed
2019,2023,True,lasso,100.0,False,91.26594260115489,-0.0011062810764530528,45.52333333333333,model_2019_2023_scaled_lasso_100_features_included
2019,2023,True,elasticnet,10.0,True,91.26594260115489,-0.0011062810764530528,45.52333333333333,model_2019_2023_scaled_elasticnet_10_features_removed
2019,2023,True,elasticnet,10.0,False,91.26594260115489,-0.0011062810764530528,45.52333333333333,model_2019_2023_scaled_elasticnet_10_features_included
2019,2023,True,elasticnet,100.0,True,91.26594260115489,-0.0011062810764530528,45.52333333333333,model_2019_2023_scaled_elasticnet_100_features_removed
2019,2023,True,elasticnet,100.0,False,91.26594260115489,-0.0011062810764530528,45.52333333333333,model_2019_2023_scaled_elasticnet_100_features_included
2023,2023,True,lasso,10.0,True,97.90298913603412,-0.000791052930414482,45.52333333333333,model_2023_2023_scaled_lasso_10_features_removed
2023,2023,True,lasso,10.0,False,97.90298913603412,-0.000791052930414482,45.52333333333333,model_2023_2023_scaled_lasso_10_features_included
2023,2023,True,lasso,100.0,True,97.90298913603412,-0.000791052930414482,45.52333333333333,model_2023_2023_scaled_lasso_100_features_removed
2023,2023,True,lasso,100.0,False,97.90298913603412,-0.000791052930414482,45.52333333333333,model_2023_2023_scaled_lasso_100_features_included
2023,2023,True,elasticnet,10.0,True,97.90298913603412,-0.000791052930414482,45.52333333333333,model_2023_2023_scaled_elasticnet_10_features_removed
2023,2023,True,elasticnet,10.0,False,97.90298913603412,-0.000791052930414482,45.52333333333333,model_2023_2023_scaled_elasticnet_10_features_included
2023,2023,True,elasticnet,100.0,True,97.90298913603412,-0.000791052930414482,45.52333333333333,model_2023_2023_scaled_elasticnet_100_features_removed
2023,2023,True,elasticnet,100.0,False,97.90298913603412,-0.000791052930414482,45.52333333333333,model_2023_2023_scaled_elasticnet_100_features_included
2022,2023,True,lasso,10.0,True,99.8563523853505,-0.0031948955707148396,45.52333333333333,model_2022_2023_scaled_lasso_10_features_removed
2022,2023,True,lasso,10.0,False,99.8563523853505,-0.0031948955707148396,45.52333333333333,model_2022_2023_scaled_lasso_10_features_included
2022,2023,True,lasso,100.0,True,99.8563523853505,-0.0031948955707148396,45.52333333333333,model_2022_2023_scaled_lasso_100_features_removed
2022,2023,True,lasso,100.0,False,99.8563523853505,-0.0031948955707148396,45.52333333333333,model_2022_2023_scaled_lasso_100_features_included
2022,2023,True,elasticnet,10.0,True,99.8563523853505,-0.0031948955707148396,45.52333333333333,model_2022_2023_scaled_elasticnet_10_features_removed
2022,2023,True,elasticnet,10.0,False,99.8563523853505,-0.0031948955707148396,45.52333333333333,model_2022_2023_scaled_elasticnet_10_features_included
2022,2023,True,elasticnet,100.0,True,99.8563523853505,-0.0031948955707148396,45.52333333333333,model_2022_2023_scaled_elasticnet_100_features_removed
2022,2023,True,elasticnet,100.0,False,99.8563523853505,-0.0031948955707148396,45.52333333333333,model_2022_2023_scaled_elasticnet_100_features_included
2014,2023,True,lasso,10.0,True,100.19953221221428,-0.0004065857901771608,45.52333333333333,model_2014_2023_scaled_lasso_10_features_removed
2014,2023,True,lasso,10.0,False,100.19953221221428,-0.0004065857901771608,45.52333333333333,model_2014_2023_scaled_lasso_10_features_included
2014,2023,True,lasso,100.0,True,100.19953221221428,-0.0004065857901771608,45.52333333333333,model_2014_2023_scaled_lasso_100_features_removed
2014,2023,True,lasso,100.0,False,100.19953221221428,-0.0004065857901771608,45.52333333333333,model_2014_2023_scaled_lasso_100_features_included
2014,2023,True,elasticnet,10.0,True,100.19953221221428,-0.0004065857901771608,45.52333333333333,model_2014_2023_scaled_elasticnet_10_features_removed
2014,2023,True,elasticnet,10.0,False,100.19953221221428,-0.0004065857901771608,45.52333333333333,model_2014_2023_scaled_elasticnet_10_features_included
2014,2023,True,elasticnet,100.0,True,100.19953221221428,-0.0004065857901771608,45.52333333333333,model_2014_2023_scaled_elasticnet_100_features_removed
2014,2023,True,elasticnet,100.0,False,100.19953221221428,-0.0004065857901771608,45.52333333333333,model_2014_2023_scaled_elasticnet_100_features_included
